/*******************************************************************************
 * Size: 16 px
 * Bpp: 4
 * Opts: --font ./simhei.ttf --symbols 0123456789abcdefghijklmnopqrstuvwxyzABCDEFGHIJKLMNOPQRSTUVWXYZ%阴晴多云转雨雪雾霾温度室内外设置点我远程通知好的湿未知阵雷夹小中大暴特冻浮扬沙尘风飑龙卷热带风暴台寒冷炎热干燥潮湿微和清强疾烈狂飓浓重严伴有冰雹开当前关秒后自动关闭剩余倒计时新发现固件升级中亮正在请勿断电， --range 0x20-0x7F --size 16 --bpp 4 --format lvgl --no-compress -o ./main/my_font_chinese_16.c
 ******************************************************************************/

#include "lvgl.h"

#ifndef MY_FONT_CHINESE_16
#define MY_FONT_CHINESE_16 1
#endif

#if MY_FONT_CHINESE_16

/*-----------------
 *    BITMAPS
 *----------------*/

/*Store the image of the glyphs*/
static LV_ATTRIBUTE_LARGE_CONST const uint8_t glyph_bitmap[] = {
    /* U+0020 " " */

    /* U+0021 "!" */
    0xfb, 0xea, 0xea, 0xd9, 0xc8, 0xb7, 0xa6, 0xa6,
    0x85, 0x0, 0xfb, 0xfc,

    /* U+0022 "\"" */
    0xf6, 0x7e, 0xe4, 0x6c, 0xd3, 0x5b, 0x61, 0x25,

    /* U+0023 "#" */
    0x0, 0x78, 0x6, 0x90, 0x0, 0x96, 0x8, 0x70,
    0x0, 0xa5, 0x9, 0x60, 0x0, 0xc4, 0xb, 0x50,
    0xbf, 0xff, 0xff, 0xf8, 0x23, 0xf3, 0x3f, 0x41,
    0x1, 0xe0, 0xf, 0x0, 0x4, 0xc0, 0x3d, 0x0,
    0xbf, 0xff, 0xff, 0xf8, 0x29, 0x93, 0x8a, 0x31,
    0x9, 0x60, 0x87, 0x0, 0xb, 0x40, 0xa5, 0x0,

    /* U+0024 "$" */
    0x0, 0x9, 0x50, 0x0, 0xa, 0xff, 0x80, 0x9,
    0xdb, 0xaf, 0x40, 0xd6, 0x95, 0xc9, 0xd, 0x89,
    0x52, 0x20, 0x8f, 0xd5, 0x0, 0x0, 0x9f, 0xb1,
    0x0, 0x0, 0x9f, 0xe1, 0x0, 0x9, 0x7e, 0x92,
    0xe3, 0x95, 0x9c, 0xf, 0x69, 0x5a, 0xb0, 0xbd,
    0xb9, 0xf6, 0x1, 0xbf, 0xf8, 0x0, 0x0, 0x95,
    0x0, 0x0, 0x4, 0x20, 0x0,

    /* U+0025 "%" */
    0x1d, 0xc0, 0x1, 0x40, 0x78, 0xa5, 0x7, 0x20,
    0x96, 0x87, 0x9, 0x0, 0x96, 0x87, 0x44, 0x0,
    0x78, 0xa5, 0x90, 0x0, 0x1d, 0xc3, 0x70, 0x0,
    0x0, 0x8, 0x3d, 0xb0, 0x0, 0x8, 0x87, 0xb4,
    0x0, 0x63, 0xa5, 0x96, 0x0, 0x90, 0xa5, 0x96,
    0x3, 0x50, 0x87, 0xb4, 0x7, 0x0, 0x2d, 0xb0,

    /* U+0026 "&" */
    0x0, 0x8e, 0xc1, 0x0, 0x4, 0xf5, 0xc8, 0x0,
    0x7, 0xb0, 0x8a, 0x0, 0x6, 0xc0, 0xc7, 0x0,
    0x2, 0xfa, 0xc0, 0x0, 0x0, 0xec, 0x0, 0x0,
    0xb, 0xdf, 0x10, 0x50, 0x6e, 0xc, 0xa2, 0xf0,
    0x9b, 0x3, 0xfb, 0xe0, 0x7d, 0x0, 0x6f, 0xa0,
    0x2f, 0x94, 0xaf, 0xf6, 0x4, 0xdf, 0xc2, 0x73,

    /* U+0027 "'" */
    0x3f, 0x22, 0xf0, 0x1f, 0x0, 0x70,

    /* U+0028 "(" */
    0x0, 0x2, 0x0, 0x1, 0xe3, 0x0, 0xb6, 0x0,
    0x5c, 0x0, 0xc, 0x40, 0x1, 0xe0, 0x0, 0x3b,
    0x0, 0x5, 0x90, 0x0, 0x59, 0x0, 0x3, 0xb0,
    0x0, 0xe, 0x0, 0x0, 0xb4, 0x0, 0x4, 0xd0,
    0x0, 0xa, 0x80, 0x0, 0xd, 0x30, 0x0, 0x10,

    /* U+0029 ")" */
    0x11, 0x0, 0x6, 0xc0, 0x0, 0x9, 0x90, 0x0,
    0xe, 0x20, 0x0, 0x79, 0x0, 0x1, 0xd0, 0x0,
    0xe, 0x0, 0x0, 0xc2, 0x0, 0xc, 0x20, 0x0,
    0xe0, 0x0, 0x2d, 0x0, 0x7, 0x80, 0x1, 0xe1,
    0x0, 0xb7, 0x0, 0x6b, 0x0, 0x0, 0x0, 0x0,

    /* U+002A "*" */
    0x0, 0x9, 0x90, 0x0, 0x12, 0x9, 0x90, 0x21,
    0x7f, 0x78, 0x87, 0xf7, 0x5, 0xdf, 0xfd, 0x50,
    0x1, 0x9f, 0xf9, 0x10, 0x5e, 0xca, 0xac, 0xe5,
    0x37, 0x8, 0x80, 0x73, 0x0, 0x9, 0x90, 0x0,
    0x0, 0x5, 0x50, 0x0,

    /* U+002B "+" */
    0x0, 0x6, 0x40, 0x0, 0x0, 0xa, 0x70, 0x0,
    0x0, 0xa, 0x70, 0x0, 0x0, 0xa, 0x70, 0x0,
    0xaf, 0xff, 0xff, 0xf7, 0x12, 0x2a, 0x82, 0x21,
    0x0, 0xa, 0x70, 0x0, 0x0, 0xa, 0x70, 0x0,

    /* U+002C "," */
    0x55, 0xbc, 0x38, 0x82,

    /* U+002D "-" */
    0xaf, 0xff, 0xff, 0xf6, 0x12, 0x22, 0x22, 0x20,

    /* U+002E "." */
    0x55, 0xcb,

    /* U+002F "/" */
    0x0, 0x0, 0x0, 0x22, 0x0, 0x0, 0x0, 0xb2,
    0x0, 0x0, 0x3, 0x90, 0x0, 0x0, 0xb, 0x10,
    0x0, 0x0, 0x48, 0x0, 0x0, 0x0, 0xc1, 0x0,
    0x0, 0x5, 0x80, 0x0, 0x0, 0xc, 0x0, 0x0,
    0x0, 0x57, 0x0, 0x0, 0x0, 0xc0, 0x0, 0x0,
    0x6, 0x60, 0x0, 0x0, 0xc, 0x0, 0x0, 0x0,
    0x76, 0x0, 0x0, 0x0, 0x30, 0x0, 0x0, 0x0,

    /* U+0030 "0" */
    0x0, 0x8e, 0xe6, 0x0, 0x7, 0xf7, 0x7f, 0x40,
    0xf, 0x70, 0x9, 0xb0, 0x3f, 0x10, 0x4, 0xf0,
    0x6e, 0x0, 0x2, 0xf1, 0x6d, 0x0, 0x1, 0xf2,
    0x6d, 0x0, 0x1, 0xf2, 0x5e, 0x0, 0x2, 0xf1,
    0x2f, 0x20, 0x5, 0xf0, 0xd, 0x80, 0xb, 0xa0,
    0x5, 0xfa, 0xbf, 0x30, 0x0, 0x4c, 0xb3, 0x0,
    0x0, 0x0, 0x0, 0x0,

    /* U+0031 "1" */
    0x0, 0x6c, 0x3, 0xfc, 0x4f, 0xcc, 0x74, 0x8c,
    0x0, 0x8c, 0x0, 0x8c, 0x0, 0x8c, 0x0, 0x8c,
    0x0, 0x8c, 0x0, 0x8c, 0x0, 0x8c, 0x0, 0x8c,

    /* U+0032 "2" */
    0x0, 0x0, 0x0, 0x0, 0x1, 0xbf, 0xfa, 0x0,
    0xc, 0xe7, 0x7f, 0x80, 0x4f, 0x20, 0x8, 0xd0,
    0x2, 0x0, 0x7, 0xd0, 0x0, 0x0, 0xb, 0xa0,
    0x0, 0x0, 0x3f, 0x30, 0x0, 0x0, 0xda, 0x0,
    0x0, 0x8, 0xe1, 0x0, 0x0, 0x4f, 0x40, 0x0,
    0x2, 0xe8, 0x0, 0x0, 0xd, 0xe3, 0x33, 0x30,
    0x2f, 0xff, 0xff, 0xf1,

    /* U+0033 "3" */
    0x0, 0x5b, 0xb6, 0x0, 0x6, 0xe7, 0x8f, 0x70,
    0xe, 0x40, 0x8, 0xd0, 0x4, 0x0, 0x6, 0xd0,
    0x0, 0x0, 0x1d, 0x80, 0x0, 0x9, 0xfb, 0x0,
    0x0, 0x4, 0x9f, 0x50, 0x0, 0x0, 0x8, 0xe0,
    0x3, 0x0, 0x4, 0xf0, 0x3f, 0x20, 0x7, 0xe0,
    0xc, 0xd6, 0x6f, 0x70, 0x1, 0xaf, 0xe7, 0x0,

    /* U+0034 "4" */
    0x0, 0x0, 0x1f, 0x30, 0x0, 0x0, 0xbf, 0x30,
    0x0, 0x5, 0xff, 0x30, 0x0, 0xe, 0x6f, 0x30,
    0x0, 0x9c, 0xf, 0x30, 0x3, 0xf2, 0xf, 0x30,
    0xd, 0x70, 0xf, 0x30, 0x7d, 0x0, 0xf, 0x30,
    0xcf, 0xff, 0xff, 0xfa, 0x22, 0x22, 0x2f, 0x51,
    0x0, 0x0, 0xf, 0x30, 0x0, 0x0, 0xf, 0x30,

    /* U+0035 "5" */
    0x5, 0xff, 0xff, 0xb0, 0x8, 0xb3, 0x33, 0x20,
    0xb, 0x70, 0x0, 0x0, 0xe, 0x40, 0x0, 0x0,
    0x1f, 0xcf, 0xe8, 0x0, 0x4f, 0x84, 0x7f, 0x70,
    0x12, 0x0, 0x8, 0xe0, 0x0, 0x0, 0x4, 0xf0,
    0x22, 0x0, 0x4, 0xf0, 0x9b, 0x0, 0xa, 0xc0,
    0x3f, 0x95, 0xaf, 0x50, 0x5, 0xdf, 0xc4, 0x0,

    /* U+0036 "6" */
    0x0, 0x0, 0xe8, 0x0, 0x0, 0x8, 0xe0, 0x0,
    0x0, 0x1f, 0x50, 0x0, 0x0, 0xac, 0x0, 0x0,
    0x4, 0xfb, 0xa7, 0x0, 0xc, 0xfc, 0xcf, 0xc0,
    0x2f, 0x80, 0x4, 0xf5, 0x5f, 0x10, 0x0, 0xd8,
    0x5f, 0x0, 0x0, 0xc8, 0x2f, 0x30, 0x1, 0xf5,
    0xb, 0xd5, 0x4c, 0xd0, 0x0, 0x9e, 0xfc, 0x20,

    /* U+0037 "7" */
    0x5f, 0xff, 0xff, 0xf6, 0x13, 0x33, 0x35, 0xf3,
    0x0, 0x0, 0x9, 0xb0, 0x0, 0x0, 0x1f, 0x30,
    0x0, 0x0, 0x7c, 0x0, 0x0, 0x0, 0xe5, 0x0,
    0x0, 0x4, 0xf0, 0x0, 0x0, 0xa, 0xa0, 0x0,
    0x0, 0xe, 0x50, 0x0, 0x0, 0x4f, 0x0, 0x0,
    0x0, 0x8d, 0x0, 0x0, 0x0, 0xc9, 0x0, 0x0,

    /* U+0038 "8" */
    0x1, 0xbf, 0xe8, 0x0, 0xc, 0xa4, 0x6f, 0x70,
    0x1f, 0x0, 0x8, 0xc0, 0x2f, 0x0, 0x7, 0xc0,
    0xe, 0x80, 0x1d, 0x70, 0x4, 0xff, 0xfa, 0x0,
    0xd, 0xb5, 0x7e, 0x70, 0x6e, 0x0, 0x4, 0xf0,
    0x8b, 0x0, 0x1, 0xf2, 0x7e, 0x0, 0x6, 0xf1,
    0x2f, 0xc8, 0xaf, 0xa0, 0x4, 0xcf, 0xfa, 0x10,

    /* U+0039 "9" */
    0x2, 0xbf, 0xe7, 0x0, 0x1e, 0xc6, 0x8f, 0x70,
    0x7e, 0x10, 0x9, 0xe0, 0xab, 0x0, 0x5, 0xf0,
    0xab, 0x0, 0x7, 0xe0, 0x6f, 0x30, 0x1e, 0xa0,
    0xc, 0xfc, 0xff, 0x30, 0x0, 0x47, 0xeb, 0x0,
    0x0, 0x4, 0xf3, 0x0, 0x0, 0xb, 0xb0, 0x0,
    0x0, 0x3f, 0x20, 0x0, 0x0, 0xba, 0x0, 0x0,

    /* U+003A ":" */
    0xe9, 0x64, 0x0, 0x0, 0x0, 0x0, 0x64, 0xe9,

    /* U+003B ";" */
    0xe9, 0x64, 0x0, 0x0, 0x0, 0x0, 0x64, 0xe9,
    0x65, 0xa0,

    /* U+003C "<" */
    0x0, 0x0, 0x0, 0x0, 0x0, 0x0, 0x1, 0xd2,
    0x0, 0x0, 0x2d, 0x50, 0x0, 0x2, 0xd4, 0x0,
    0x0, 0x2d, 0x40, 0x0, 0x2, 0xd4, 0x0, 0x0,
    0x2d, 0x40, 0x0, 0x0, 0x1d, 0x50, 0x0, 0x0,
    0x1, 0xc6, 0x0, 0x0, 0x0, 0x1c, 0x60, 0x0,
    0x0, 0x0, 0xc7, 0x0, 0x0, 0x0, 0xc, 0x80,
    0x0, 0x0, 0x0, 0xb2, 0x0, 0x0, 0x0, 0x0,

    /* U+003D "=" */
    0xaf, 0xff, 0xff, 0xf6, 0x12, 0x22, 0x22, 0x20,
    0x0, 0x0, 0x0, 0x0, 0x0, 0x0, 0x0, 0x0,
    0xaf, 0xff, 0xff, 0xf6, 0x12, 0x22, 0x22, 0x20,

    /* U+003E ">" */
    0x0, 0x0, 0x0, 0x0, 0x4c, 0x10, 0x0, 0x0,
    0x6, 0xc1, 0x0, 0x0, 0x0, 0x6c, 0x10, 0x0,
    0x0, 0x6, 0xc1, 0x0, 0x0, 0x0, 0x5c, 0x10,
    0x0, 0x0, 0x5, 0xd1, 0x0, 0x0, 0x7, 0xc0,
    0x0, 0x0, 0x7b, 0x0, 0x0, 0x8, 0xb0, 0x0,
    0x0, 0x9a, 0x0, 0x0, 0x9, 0xa0, 0x0, 0x0,
    0x4a, 0x0, 0x0, 0x0, 0x0, 0x0, 0x0, 0x0,

    /* U+003F "?" */
    0x0, 0x9e, 0xe8, 0x0, 0x9e, 0x67, 0xf6, 0xf,
    0x70, 0xc, 0xb1, 0xd3, 0x0, 0xcc, 0x0, 0x0,
    0x2f, 0x70, 0x0, 0xd, 0xc0, 0x0, 0x8, 0xe1,
    0x0, 0x0, 0xc6, 0x0, 0x0, 0x4, 0x10, 0x0,
    0x0, 0x0, 0x0, 0x0, 0x9, 0x40, 0x0, 0x0,
    0xf7, 0x0,

    /* U+0040 "@" */
    0x0, 0x69, 0x89, 0x10, 0x6, 0x50, 0x1, 0x90,
    0x9, 0x7, 0xbb, 0x82, 0x54, 0x5a, 0x2d, 0x45,
    0x81, 0xc2, 0x4a, 0x27, 0x91, 0xe0, 0x67, 0x27,
    0x93, 0xc0, 0x95, 0x45, 0x92, 0xe1, 0xd4, 0x91,
    0x72, 0x9d, 0x7e, 0x60, 0x37, 0x0, 0x0, 0x0,
    0x9, 0x20, 0x4, 0x30, 0x0, 0x88, 0x86, 0x0,

    /* U+0041 "A" */
    0x0, 0xd, 0xb0, 0x0, 0x0, 0x1f, 0xf0, 0x0,
    0x0, 0x5f, 0xf3, 0x0, 0x0, 0x9a, 0xd7, 0x0,
    0x0, 0xd7, 0x9b, 0x0, 0x1, 0xf3, 0x5f, 0x0,
    0x6, 0xf0, 0x2f, 0x40, 0xa, 0xff, 0xff, 0x80,
    0xe, 0x93, 0x3a, 0xc0, 0x2f, 0x40, 0x6, 0xf0,
    0x6f, 0x0, 0x2, 0xf4, 0xac, 0x0, 0x0, 0xe8,

    /* U+0042 "B" */
    0x5f, 0xff, 0xe9, 0x0, 0x5f, 0x54, 0x6e, 0xa0,
    0x5f, 0x20, 0x7, 0xf0, 0x5f, 0x20, 0x7, 0xf0,
    0x5f, 0x20, 0x2d, 0xb0, 0x5f, 0xff, 0xfd, 0x10,
    0x5f, 0x53, 0x6e, 0xb0, 0x5f, 0x20, 0x4, 0xf3,
    0x5f, 0x20, 0x2, 0xf5, 0x5f, 0x20, 0x5, 0xf4,
    0x5f, 0x54, 0x6e, 0xe0, 0x5f, 0xff, 0xea, 0x20,

    /* U+0043 "C" */
    0x0, 0x6d, 0xfa, 0x10, 0x5, 0xf8, 0x5d, 0xb0,
    0xd, 0xa0, 0x4, 0xf2, 0x2f, 0x40, 0x1, 0xf4,
    0x5f, 0x20, 0x0, 0x51, 0x6f, 0x10, 0x0, 0x0,
    0x6f, 0x10, 0x0, 0x0, 0x6f, 0x10, 0x0, 0xc5,
    0x3f, 0x40, 0x1, 0xf5, 0xf, 0x90, 0x5, 0xf1,
    0x7, 0xf8, 0x6e, 0xa0, 0x0, 0x7e, 0xfa, 0x0,

    /* U+0044 "D" */
    0x5f, 0xff, 0xb3, 0x0, 0x5f, 0x55, 0xcf, 0x40,
    0x5f, 0x20, 0xd, 0xc0, 0x5f, 0x20, 0x7, 0xf1,
    0x5f, 0x20, 0x4, 0xf3, 0x5f, 0x20, 0x3, 0xf4,
    0x5f, 0x20, 0x3, 0xf4, 0x5f, 0x20, 0x4, 0xf3,
    0x5f, 0x20, 0x7, 0xf1, 0x5f, 0x20, 0xd, 0xb0,
    0x5f, 0x55, 0xcf, 0x30, 0x5f, 0xff, 0xb2, 0x0,

    /* U+0045 "E" */
    0x2f, 0xff, 0xff, 0xf0, 0x2f, 0x84, 0x44, 0x40,
    0x2f, 0x50, 0x0, 0x0, 0x2f, 0x50, 0x0, 0x0,
    0x2f, 0x50, 0x0, 0x0, 0x2f, 0xff, 0xff, 0x90,
    0x2f, 0x73, 0x33, 0x10, 0x2f, 0x50, 0x0, 0x0,
    0x2f, 0x50, 0x0, 0x0, 0x2f, 0x50, 0x0, 0x0,
    0x2f, 0x74, 0x44, 0x41, 0x2f, 0xff, 0xff, 0xf4,

    /* U+0046 "F" */
    0x4f, 0xff, 0xff, 0xf5, 0x4f, 0x64, 0x44, 0x41,
    0x4f, 0x30, 0x0, 0x0, 0x4f, 0x30, 0x0, 0x0,
    0x4f, 0x30, 0x0, 0x0, 0x4f, 0x30, 0x0, 0x0,
    0x4f, 0xff, 0xff, 0x10, 0x4f, 0x63, 0x33, 0x0,
    0x4f, 0x30, 0x0, 0x0, 0x4f, 0x30, 0x0, 0x0,
    0x4f, 0x30, 0x0, 0x0, 0x4f, 0x30, 0x0, 0x0,

    /* U+0047 "G" */
    0x0, 0x7e, 0xf9, 0x0, 0x6, 0xf7, 0x6f, 0x70,
    0xe, 0x80, 0x8, 0xe0, 0x2f, 0x40, 0x4, 0xf0,
    0x5f, 0x20, 0x0, 0x20, 0x6f, 0x10, 0x0, 0x0,
    0x6f, 0x11, 0xff, 0xf2, 0x6f, 0x10, 0x35, 0xf2,
    0x4f, 0x40, 0x2, 0xf2, 0xf, 0x90, 0x5, 0xf2,
    0x7, 0xf8, 0x6e, 0xf2, 0x0, 0x8e, 0xe7, 0xf2,

    /* U+0048 "H" */
    0x5f, 0x20, 0x5, 0xf2, 0x5f, 0x20, 0x5, 0xf2,
    0x5f, 0x20, 0x5, 0xf2, 0x5f, 0x20, 0x5, 0xf2,
    0x5f, 0x20, 0x5, 0xf2, 0x5f, 0xff, 0xff, 0xf2,
    0x5f, 0x53, 0x37, 0xf2, 0x5f, 0x20, 0x5, 0xf2,
    0x5f, 0x20, 0x5, 0xf2, 0x5f, 0x20, 0x5, 0xf2,
    0x5f, 0x20, 0x5, 0xf2, 0x5f, 0x20, 0x5, 0xf2,

    /* U+0049 "I" */
    0xda, 0xda, 0xda, 0xda, 0xda, 0xda, 0xda, 0xda,
    0xda, 0xda, 0xda, 0xda,

    /* U+004A "J" */
    0x0, 0x0, 0x7, 0xf0, 0x0, 0x0, 0x7f, 0x0,
    0x0, 0x7, 0xf0, 0x0, 0x0, 0x7f, 0x0, 0x0,
    0x7, 0xf0, 0x0, 0x0, 0x7f, 0x0, 0x0, 0x7,
    0xf2, 0xa2, 0x0, 0x7f, 0x2f, 0x40, 0x7, 0xf0,
    0xf7, 0x0, 0xad, 0xa, 0xf7, 0x9f, 0x70, 0x9,
    0xee, 0x80,

    /* U+004B "K" */
    0x5f, 0x20, 0xa, 0xe1, 0x5f, 0x20, 0x5f, 0x50,
    0x5f, 0x21, 0xe9, 0x0, 0x5f, 0x2b, 0xd0, 0x0,
    0x5f, 0x8f, 0x40, 0x0, 0x5f, 0xff, 0x70, 0x0,
    0x5f, 0xca, 0xe0, 0x0, 0x5f, 0x32, 0xf6, 0x0,
    0x5f, 0x20, 0xbe, 0x0, 0x5f, 0x20, 0x3f, 0x60,
    0x5f, 0x20, 0xb, 0xd0, 0x5f, 0x20, 0x3, 0xf6,

    /* U+004C "L" */
    0x4f, 0x30, 0x0, 0x0, 0x4f, 0x30, 0x0, 0x0,
    0x4f, 0x30, 0x0, 0x0, 0x4f, 0x30, 0x0, 0x0,
    0x4f, 0x30, 0x0, 0x0, 0x4f, 0x30, 0x0, 0x0,
    0x4f, 0x30, 0x0, 0x0, 0x4f, 0x30, 0x0, 0x0,
    0x4f, 0x30, 0x0, 0x0, 0x4f, 0x30, 0x0, 0x0,
    0x4f, 0x64, 0x44, 0x41, 0x4f, 0xff, 0xff, 0xf4,

    /* U+004D "M" */
    0x7f, 0x90, 0xb, 0xf5, 0x7f, 0xc0, 0xe, 0xf5,
    0x7f, 0xe0, 0xf, 0xf5, 0x7e, 0xf1, 0x3e, 0xf5,
    0x7d, 0xd4, 0x6b, 0xf5, 0x7d, 0xa6, 0x88, 0xf5,
    0x7d, 0x89, 0xb6, 0xf5, 0x7d, 0x5c, 0xe3, 0xf5,
    0x7d, 0x2f, 0xf0, 0xf5, 0x7d, 0xf, 0xd0, 0xf5,
    0x7d, 0xd, 0xb0, 0xf5, 0x7d, 0xa, 0x80, 0xf5,

    /* U+004E "N" */
    0x6f, 0x60, 0x5, 0xf2, 0x6f, 0xc0, 0x5, 0xf2,
    0x6f, 0xf2, 0x5, 0xf2, 0x6f, 0xd9, 0x5, 0xf2,
    0x6f, 0x7e, 0x5, 0xf2, 0x6f, 0x1f, 0x55, 0xf2,
    0x6f, 0x19, 0xc5, 0xf2, 0x6f, 0x13, 0xf7, 0xf2,
    0x6f, 0x10, 0xdd, 0xf2, 0x6f, 0x10, 0x6f, 0xf2,
    0x6f, 0x10, 0x1f, 0xf2, 0x6f, 0x10, 0xa, 0xf2,

    /* U+004F "O" */
    0x0, 0x9f, 0xe8, 0x0, 0xa, 0xf6, 0x7f, 0x80,
    0x2f, 0x60, 0x9, 0xe0, 0x5f, 0x10, 0x4, 0xf2,
    0x7f, 0x0, 0x2, 0xf4, 0x8f, 0x0, 0x2, 0xf5,
    0x8f, 0x0, 0x2, 0xf5, 0x7f, 0x0, 0x2, 0xf4,
    0x5f, 0x10, 0x4, 0xf2, 0x1f, 0x60, 0x9, 0xe0,
    0xa, 0xf6, 0x7f, 0x70, 0x0, 0x9f, 0xe8, 0x0,

    /* U+0050 "P" */
    0x3f, 0xff, 0xea, 0x10, 0x3f, 0x74, 0x6d, 0xc0,
    0x3f, 0x40, 0x4, 0xf3, 0x3f, 0x40, 0x1, 0xf5,
    0x3f, 0x40, 0x3, 0xf3, 0x3f, 0x40, 0x2b, 0xe0,
    0x3f, 0xff, 0xfe, 0x30, 0x3f, 0x63, 0x20, 0x0,
    0x3f, 0x40, 0x0, 0x0, 0x3f, 0x40, 0x0, 0x0,
    0x3f, 0x40, 0x0, 0x0, 0x3f, 0x40, 0x0, 0x0,

    /* U+0051 "Q" */
    0x0, 0x9f, 0xe8, 0x0, 0xa, 0xf6, 0x7f, 0x80,
    0x2f, 0x60, 0x9, 0xe0, 0x5f, 0x10, 0x4, 0xf2,
    0x7f, 0x0, 0x2, 0xf4, 0x8f, 0x0, 0x2, 0xf5,
    0x8f, 0x0, 0x2, 0xf5, 0x7f, 0x0, 0x73, 0xf4,
    0x5f, 0x10, 0xfb, 0xf2, 0x1f, 0x60, 0x8f, 0xe0,
    0xa, 0xf6, 0x8f, 0x90, 0x0, 0x9f, 0xed, 0xc0,
    0x0, 0x0, 0x2, 0x30,

    /* U+0052 "R" */
    0x5f, 0xff, 0xe9, 0x0, 0x5f, 0x54, 0x7f, 0xb0,
    0x5f, 0x20, 0x7, 0xf1, 0x5f, 0x20, 0x4, 0xf2,
    0x5f, 0x20, 0x6, 0xf1, 0x5f, 0x20, 0x3d, 0xc0,
    0x5f, 0xff, 0xfd, 0x20, 0x5f, 0x54, 0xf5, 0x0,
    0x5f, 0x20, 0xad, 0x0, 0x5f, 0x20, 0x2f, 0x40,
    0x5f, 0x20, 0xb, 0xc0, 0x5f, 0x20, 0x3, 0xf4,

    /* U+0053 "S" */
    0x0, 0x9e, 0xe9, 0x0, 0xa, 0xe6, 0x8f, 0x60,
    0xf, 0x50, 0xa, 0xc0, 0x2f, 0x50, 0x2, 0x50,
    0xd, 0xe4, 0x0, 0x0, 0x2, 0xcf, 0xc3, 0x0,
    0x0, 0x5, 0xdf, 0x50, 0x0, 0x0, 0xb, 0xf0,
    0x5d, 0x0, 0x4, 0xf3, 0x4f, 0x30, 0x5, 0xf1,
    0xd, 0xd5, 0x6e, 0xb0, 0x2, 0xbe, 0xe9, 0x10,

    /* U+0054 "T" */
    0x5f, 0xff, 0xff, 0xf2, 0x14, 0x4d, 0xb4, 0x40,
    0x0, 0xd, 0xa0, 0x0, 0x0, 0xd, 0xa0, 0x0,
    0x0, 0xd, 0xa0, 0x0, 0x0, 0xd, 0xa0, 0x0,
    0x0, 0xd, 0xa0, 0x0, 0x0, 0xd, 0xa0, 0x0,
    0x0, 0xd, 0xa0, 0x0, 0x0, 0xd, 0xa0, 0x0,
    0x0, 0xd, 0xa0, 0x0, 0x0, 0xd, 0xa0, 0x0,

    /* U+0055 "U" */
    0x5f, 0x20, 0x4, 0xf3, 0x5f, 0x20, 0x4, 0xf3,
    0x5f, 0x20, 0x4, 0xf3, 0x5f, 0x20, 0x4, 0xf3,
    0x5f, 0x20, 0x4, 0xf3, 0x5f, 0x20, 0x4, 0xf3,
    0x5f, 0x20, 0x4, 0xf3, 0x5f, 0x20, 0x4, 0xf3,
    0x4f, 0x20, 0x4, 0xf2, 0x2f, 0x40, 0x7, 0xf0,
    0xc, 0xe5, 0x6e, 0xa0, 0x1, 0xbe, 0xea, 0x10,

    /* U+0056 "V" */
    0xbb, 0x0, 0x0, 0xf7, 0x7f, 0x0, 0x3, 0xf3,
    0x3f, 0x30, 0x7, 0xf0, 0xf, 0x70, 0xb, 0xb0,
    0xb, 0xb0, 0xf, 0x70, 0x7, 0xe0, 0x3f, 0x30,
    0x2, 0xf2, 0x6e, 0x0, 0x0, 0xe6, 0xaa, 0x0,
    0x0, 0xaa, 0xe6, 0x0, 0x0, 0x6f, 0xf2, 0x0,
    0x0, 0x2f, 0xe0, 0x0, 0x0, 0xe, 0xa0, 0x0,

    /* U+0057 "W" */
    0xe7, 0xe, 0x90, 0xba, 0xc9, 0xf, 0xb0, 0xd8,
    0xaa, 0x1f, 0xd0, 0xe6, 0x8b, 0x3c, 0xf0, 0xf4,
    0x6d, 0x5a, 0xe3, 0xf2, 0x4e, 0x78, 0xc6, 0xf0,
    0x3f, 0xa6, 0xa9, 0xf0, 0x1f, 0xd4, 0x8d, 0xd0,
    0xf, 0xf2, 0x6f, 0xb0, 0xd, 0xf0, 0x4f, 0x90,
    0xb, 0xe0, 0x2f, 0x70, 0x9, 0xc0, 0xf, 0x50,

    /* U+0058 "X" */
    0x3f, 0x40, 0x8, 0xe0, 0xb, 0xa0, 0xe, 0x70,
    0x4, 0xf1, 0x5f, 0x10, 0x0, 0xd8, 0xc9, 0x0,
    0x0, 0x5f, 0xf2, 0x0, 0x0, 0xe, 0xb0, 0x0,
    0x0, 0x3f, 0xe0, 0x0, 0x0, 0xab, 0xe6, 0x0,
    0x2, 0xf4, 0x8d, 0x0, 0x9, 0xd0, 0x1f, 0x50,
    0x1f, 0x60, 0xa, 0xc0, 0x8e, 0x0, 0x3, 0xf4,

    /* U+0059 "Y" */
    0x8e, 0x0, 0x1, 0xf5, 0x1f, 0x50, 0x8, 0xe0,
    0xa, 0xc0, 0xe, 0x70, 0x3, 0xf2, 0x5f, 0x0,
    0x0, 0xb9, 0xc8, 0x0, 0x0, 0x4f, 0xf2, 0x0,
    0x0, 0xe, 0xb0, 0x0, 0x0, 0xd, 0xa0, 0x0,
    0x0, 0xd, 0xa0, 0x0, 0x0, 0xd, 0xa0, 0x0,
    0x0, 0xd, 0xa0, 0x0, 0x0, 0xd, 0xa0, 0x0,

    /* U+005A "Z" */
    0x1f, 0xff, 0xff, 0xf1, 0x4, 0x44, 0x4b, 0xe0,
    0x0, 0x0, 0x1f, 0x60, 0x0, 0x0, 0x9d, 0x0,
    0x0, 0x2, 0xf5, 0x0, 0x0, 0xa, 0xc0, 0x0,
    0x0, 0x2f, 0x40, 0x0, 0x0, 0xbb, 0x0, 0x0,
    0x3, 0xf3, 0x0, 0x0, 0xc, 0xa0, 0x0, 0x0,
    0x4f, 0x64, 0x44, 0x41, 0x7f, 0xff, 0xff, 0xf4,

    /* U+005B "[" */
    0xdf, 0xff, 0xe, 0x42, 0x20, 0xe3, 0x0, 0xe,
    0x30, 0x0, 0xe3, 0x0, 0xe, 0x30, 0x0, 0xe3,
    0x0, 0xe, 0x30, 0x0, 0xe3, 0x0, 0xe, 0x30,
    0x0, 0xe3, 0x0, 0xe, 0x30, 0x0, 0xe3, 0x0,
    0xe, 0x30, 0x0, 0xef, 0xff, 0x1, 0x22, 0x20,

    /* U+005C "\\" */
    0xe, 0x0, 0x0, 0x0, 0xa, 0x50, 0x0, 0x0,
    0x4, 0xb0, 0x0, 0x0, 0x0, 0xd2, 0x0, 0x0,
    0x0, 0x87, 0x0, 0x0, 0x0, 0x2d, 0x0, 0x0,
    0x0, 0xc, 0x30, 0x0, 0x0, 0x6, 0x90, 0x0,
    0x0, 0x0, 0xe0, 0x0, 0x0, 0x0, 0xa5, 0x0,
    0x0, 0x0, 0x4b, 0x0, 0x0, 0x0, 0xd, 0x20,
    0x0, 0x0, 0x8, 0x70, 0x0, 0x0, 0x2, 0xd0,

    /* U+005D "]" */
    0x3f, 0xff, 0xa0, 0x22, 0x7b, 0x0, 0x6, 0xb0,
    0x0, 0x6b, 0x0, 0x6, 0xb0, 0x0, 0x6b, 0x0,
    0x6, 0xb0, 0x0, 0x6b, 0x0, 0x6, 0xb0, 0x0,
    0x6b, 0x0, 0x6, 0xb0, 0x0, 0x6b, 0x0, 0x6,
    0xb0, 0x0, 0x6b, 0x3f, 0xff, 0xb0, 0x22, 0x21,

    /* U+005E "^" */
    0x0, 0x4f, 0xe1, 0x0, 0x1e, 0x8b, 0xb0, 0xb,
    0x80, 0xb, 0x70,

    /* U+005F "_" */
    0xcc, 0xcc, 0xcc, 0xcb,

    /* U+0060 "`" */
    0x9f, 0x30, 0xa, 0xc0, 0x0, 0xc6,

    /* U+0061 "a" */
    0x1, 0xae, 0xe9, 0x0, 0xa, 0xd4, 0x4e, 0x70,
    0x6, 0x30, 0xb, 0xa0, 0x0, 0x6b, 0xef, 0xb0,
    0xd, 0xd8, 0x59, 0xb0, 0x4f, 0x20, 0xa, 0xb0,
    0x2f, 0x51, 0x8f, 0xb0, 0x7, 0xee, 0xa9, 0xe0,

    /* U+0062 "b" */
    0x4f, 0x0, 0x0, 0x0, 0x4f, 0x0, 0x0, 0x0,
    0x4f, 0x0, 0x0, 0x0, 0x4f, 0x0, 0x0, 0x0,
    0x4f, 0x5e, 0xf8, 0x0, 0x4f, 0xd4, 0x6f, 0x60,
    0x4f, 0x40, 0x9, 0xd0, 0x4f, 0x0, 0x5, 0xf0,
    0x4f, 0x0, 0x5, 0xf0, 0x4f, 0x40, 0x8, 0xd0,
    0x4f, 0xd4, 0x6f, 0x70, 0x4f, 0x6e, 0xe8, 0x0,

    /* U+0063 "c" */
    0x0, 0xaf, 0xe9, 0x0, 0xb, 0xd5, 0x5e, 0x90,
    0x3f, 0x30, 0x5, 0x90, 0x5f, 0x0, 0x0, 0x0,
    0x5f, 0x0, 0x1, 0x30, 0x3f, 0x30, 0x6, 0xf0,
    0xb, 0xd5, 0x5d, 0x90, 0x0, 0xaf, 0xe9, 0x0,

    /* U+0064 "d" */
    0x0, 0x0, 0x6, 0xe0, 0x0, 0x0, 0x6e, 0x0,
    0x0, 0x6, 0xe0, 0x0, 0x0, 0x6e, 0x2, 0xbf,
    0xc8, 0xe0, 0xcd, 0x47, 0xfe, 0x3f, 0x30, 0xa,
    0xe5, 0xf0, 0x0, 0x7e, 0x6f, 0x0, 0x6, 0xe3,
    0xf2, 0x0, 0x9e, 0xd, 0xb2, 0x5f, 0xe0, 0x2b,
    0xfc, 0x9e,

    /* U+0065 "e" */
    0x0, 0x9e, 0xe8, 0x0, 0xa, 0xd3, 0x4e, 0x80,
    0x2f, 0x40, 0x8, 0xe0, 0x4f, 0xff, 0xff, 0xf0,
    0x4f, 0x22, 0x22, 0x20, 0x2f, 0x30, 0x3, 0xa0,
    0xa, 0xd5, 0x4d, 0xb0, 0x0, 0x9e, 0xe9, 0x10,

    /* U+0066 "f" */
    0x0, 0x4, 0xdf, 0xd1, 0x0, 0xf, 0x84, 0x61,
    0x0, 0x2f, 0x10, 0x0, 0x0, 0x3f, 0x10, 0x0,
    0x5f, 0xff, 0xff, 0xa0, 0x1, 0x3f, 0x11, 0x0,
    0x0, 0x3f, 0x10, 0x0, 0x0, 0x3f, 0x10, 0x0,
    0x0, 0x3f, 0x10, 0x0, 0x0, 0x3f, 0x10, 0x0,
    0x0, 0x3f, 0x10, 0x0, 0x0, 0x3f, 0x10, 0x0,

    /* U+0067 "g" */
    0x0, 0x0, 0x0, 0x0, 0x0, 0xaf, 0xd7, 0xd6,
    0x8, 0xc3, 0x8f, 0x21, 0xc, 0x70, 0x1f, 0x20,
    0x9, 0xb0, 0x6f, 0x0, 0x5, 0xff, 0xf5, 0x0,
    0xf, 0x12, 0x0, 0x0, 0xe, 0x93, 0x31, 0x0,
    0x8, 0xff, 0xff, 0xb0, 0x4e, 0x10, 0x4, 0xf1,
    0x9, 0xef, 0xec, 0x60,

    /* U+0068 "h" */
    0x2f, 0x20, 0x0, 0x2, 0xf2, 0x0, 0x0, 0x2f,
    0x20, 0x0, 0x2, 0xf2, 0x0, 0x0, 0x2f, 0x3b,
    0xfd, 0x32, 0xfd, 0x72, 0xbc, 0x2f, 0x90, 0x4,
    0xf2, 0xf4, 0x0, 0x4f, 0x2f, 0x20, 0x4, 0xf2,
    0xf2, 0x0, 0x4f, 0x2f, 0x20, 0x4, 0xf2, 0xf2,
    0x0, 0x4f,

    /* U+0069 "i" */
    0xc8, 0x96, 0x0, 0x0, 0xc8, 0xc8, 0xc8, 0xc8,
    0xc8, 0xc8, 0xc8, 0xc8,

    /* U+006A "j" */
    0x0, 0x8, 0xc0, 0x0, 0x69, 0x0, 0x0, 0x0,
    0x0, 0x0, 0x0, 0x8, 0xc0, 0x0, 0x8c, 0x0,
    0x8, 0xc0, 0x0, 0x8c, 0x0, 0x8, 0xc0, 0x0,
    0x8c, 0x0, 0x8, 0xc0, 0x0, 0x8b, 0x55, 0x4d,
    0x86, 0xff, 0xa0,

    /* U+006B "k" */
    0x1f, 0x30, 0x0, 0x0, 0x1f, 0x30, 0x0, 0x0,
    0x1f, 0x30, 0x0, 0x0, 0x1f, 0x30, 0x0, 0x0,
    0x1f, 0x30, 0x2f, 0x60, 0x1f, 0x31, 0xe8, 0x0,
    0x1f, 0x3d, 0xa0, 0x0, 0x1f, 0xde, 0xd0, 0x0,
    0x1f, 0xc1, 0xe6, 0x0, 0x1f, 0x30, 0x6e, 0x0,
    0x1f, 0x30, 0xe, 0x70, 0x1f, 0x30, 0x6, 0xf1,

    /* U+006C "l" */
    0xb9, 0xb9, 0xb9, 0xb9, 0xb9, 0xb9, 0xb9, 0xb9,
    0xb9, 0xb9, 0xb9, 0xb9,

    /* U+006D "m" */
    0xc9, 0xde, 0x5d, 0xe3, 0xce, 0x4d, 0xf4, 0xc9,
    0xc9, 0xb, 0xa0, 0xaa, 0xc8, 0xb, 0x90, 0xaa,
    0xc8, 0xb, 0x90, 0xaa, 0xc8, 0xb, 0x90, 0xaa,
    0xc8, 0xb, 0x90, 0xaa, 0xc8, 0xb, 0x90, 0xaa,

    /* U+006E "n" */
    0x2f, 0x3b, 0xfd, 0x32, 0xfe, 0x50, 0xac, 0x2f,
    0x80, 0x4, 0xf2, 0xf3, 0x0, 0x4f, 0x2f, 0x20,
    0x4, 0xf2, 0xf2, 0x0, 0x4f, 0x2f, 0x20, 0x4,
    0xf2, 0xf2, 0x0, 0x4f,

    /* U+006F "o" */
    0x0, 0x9f, 0xe8, 0x0, 0xa, 0xe5, 0x5e, 0x80,
    0x2f, 0x40, 0x6, 0xf1, 0x5f, 0x0, 0x2, 0xf3,
    0x5f, 0x0, 0x2, 0xf3, 0x2f, 0x30, 0x5, 0xf1,
    0xa, 0xd5, 0x5e, 0x80, 0x0, 0x9f, 0xe8, 0x0,

    /* U+0070 "p" */
    0x4f, 0x7e, 0xe8, 0x0, 0x4f, 0xc2, 0x4e, 0x70,
    0x4f, 0x30, 0x8, 0xd0, 0x4f, 0x0, 0x5, 0xf0,
    0x4f, 0x10, 0x5, 0xf0, 0x4f, 0x40, 0x9, 0xd0,
    0x4f, 0xd4, 0x6f, 0x60, 0x4f, 0x5e, 0xf8, 0x0,
    0x4f, 0x0, 0x0, 0x0, 0x4f, 0x0, 0x0, 0x0,

    /* U+0071 "q" */
    0x1, 0xbf, 0xc8, 0xe0, 0xdc, 0x47, 0xfe, 0x3f,
    0x20, 0xa, 0xe6, 0xf0, 0x0, 0x6e, 0x5f, 0x0,
    0x6, 0xe3, 0xf3, 0x0, 0xae, 0xc, 0xc4, 0x7f,
    0xe0, 0x2c, 0xfc, 0x8e, 0x0, 0x0, 0x6, 0xe0,
    0x0, 0x0, 0x6e,

    /* U+0072 "r" */
    0x6e, 0x8, 0xe3, 0x6e, 0xbb, 0x61, 0x6f, 0xa0,
    0x0, 0x6f, 0x10, 0x0, 0x6e, 0x0, 0x0, 0x6e,
    0x0, 0x0, 0x6e, 0x0, 0x0, 0x6e, 0x0, 0x0,

    /* U+0073 "s" */
    0x1a, 0xee, 0xa0, 0xac, 0x34, 0xd8, 0xc9, 0x0,
    0x22, 0x6f, 0xc8, 0x40, 0x2, 0x7b, 0xf7, 0x82,
    0x0, 0x8d, 0xbb, 0x33, 0xcb, 0x1a, 0xef, 0xb1,

    /* U+0074 "t" */
    0x0, 0x36, 0x0, 0x0, 0x7, 0xd0, 0x0, 0x0,
    0x7d, 0x0, 0x9, 0xff, 0xff, 0xf6, 0x1, 0x7d,
    0x11, 0x0, 0x7, 0xd0, 0x0, 0x0, 0x7d, 0x0,
    0x0, 0x7, 0xd0, 0x0, 0x0, 0x6d, 0x0, 0x0,
    0x3, 0xf5, 0x46, 0x0, 0x6, 0xef, 0xb0,

    /* U+0075 "u" */
    0x2f, 0x20, 0x4, 0xf2, 0xf2, 0x0, 0x4f, 0x2f,
    0x20, 0x4, 0xf2, 0xf2, 0x0, 0x4f, 0x2f, 0x20,
    0x5, 0xf1, 0xf2, 0x0, 0xaf, 0xe, 0x80, 0x6e,
    0xf0, 0x4e, 0xfa, 0x5f,

    /* U+0076 "v" */
    0x4f, 0x0, 0x4, 0xf0, 0xe, 0x50, 0x9, 0xb0,
    0x9, 0xa0, 0xe, 0x50, 0x4, 0xf0, 0x3f, 0x0,
    0x0, 0xf4, 0x8b, 0x0, 0x0, 0xa9, 0xd6, 0x0,
    0x0, 0x4f, 0xf1, 0x0, 0x0, 0xf, 0xb0, 0x0,

    /* U+0077 "w" */
    0xd7, 0xe, 0xa0, 0xb9, 0xa9, 0xf, 0xc0, 0xd6,
    0x7c, 0x3b, 0xe0, 0xf3, 0x4e, 0x68, 0xc4, 0xf0,
    0x1f, 0x96, 0xa9, 0xc0, 0xd, 0xe3, 0x7e, 0x90,
    0xa, 0xf0, 0x4f, 0x60, 0x7, 0xe0, 0x2f, 0x30,

    /* U+0078 "x" */
    0xe, 0x80, 0xc, 0xb0, 0x5, 0xf1, 0x5f, 0x20,
    0x0, 0xb9, 0xd7, 0x0, 0x0, 0x2f, 0xd0, 0x0,
    0x0, 0x3f, 0xe1, 0x0, 0x0, 0xd8, 0xc9, 0x0,
    0x7, 0xe0, 0x3f, 0x30, 0x2f, 0x50, 0x9, 0xd0,

    /* U+0079 "y" */
    0x5f, 0x10, 0x4, 0xf1, 0xf, 0x60, 0x9, 0xb0,
    0x9, 0xb0, 0xe, 0x50, 0x4, 0xf1, 0x4f, 0x0,
    0x0, 0xe6, 0x9a, 0x0, 0x0, 0x8c, 0xe4, 0x0,
    0x0, 0x3f, 0xe0, 0x0, 0x0, 0xd, 0x90, 0x0,
    0x4, 0x5f, 0x30, 0x0, 0xa, 0xf8, 0x0, 0x0,

    /* U+007A "z" */
    0xe, 0xff, 0xff, 0xa0, 0x1, 0x14, 0xf4, 0x0,
    0x0, 0xd9, 0x0, 0x0, 0xad, 0x0, 0x0, 0x5f,
    0x20, 0x0, 0x2f, 0x60, 0x0, 0xc, 0xb1, 0x11,
    0x2, 0xff, 0xff, 0xff,

    /* U+007B "{" */
    0x2, 0xdb, 0x9, 0xb0, 0xa, 0xa0, 0xa, 0xa0,
    0xa, 0xa0, 0xa, 0x90, 0xb, 0x80, 0x6f, 0x30,
    0xc, 0x80, 0xa, 0x90, 0xa, 0xa0, 0xa, 0xa0,
    0xa, 0xa0, 0x9, 0xb0, 0x3, 0xdb,

    /* U+007C "|" */
    0xb9, 0xb9, 0xb9, 0xb9, 0xb9, 0xb9, 0xb9, 0xb9,
    0xb9, 0xb9, 0xb9, 0xb9, 0xb9, 0xb9, 0xb9, 0xb9,
    0xb9,

    /* U+007D "}" */
    0xd, 0xc1, 0x0, 0xe, 0x60, 0x0, 0xd7, 0x0,
    0xd, 0x70, 0x0, 0xd7, 0x0, 0xc, 0x70, 0x0,
    0xb9, 0x0, 0x6, 0xf3, 0x0, 0xb9, 0x0, 0xc,
    0x70, 0x0, 0xd7, 0x0, 0xd, 0x70, 0x0, 0xd7,
    0x0, 0xe, 0x60, 0xd, 0xc1, 0x0,

    /* U+007E "~" */
    0x0, 0x0, 0x0, 0x0, 0x3, 0xfb, 0x0, 0x71,
    0xc, 0x6b, 0xc4, 0xe0, 0x9, 0x0, 0xbf, 0x70,
    0x0, 0x0, 0x3, 0x0,

    /* U+4E25 "严" */
    0x0, 0x0, 0x0, 0x0, 0x0, 0x0, 0x0, 0x0,
    0x4f, 0xff, 0xff, 0xff, 0xff, 0xff, 0xf3, 0x0,
    0x0, 0x0, 0xf1, 0xe, 0x30, 0x10, 0x0, 0x3,
    0xd0, 0xf, 0x10, 0xe3, 0x1f, 0x30, 0x0, 0xe,
    0x60, 0xf1, 0xe, 0x38, 0xc0, 0x0, 0x0, 0x53,
    0xf, 0x10, 0xe3, 0x33, 0x0, 0x0, 0xcf, 0xff,
    0xff, 0xff, 0xff, 0xff, 0x80, 0xc, 0x70, 0x0,
    0x0, 0x0, 0x0, 0x0, 0x0, 0xd6, 0x0, 0x0,
    0x0, 0x0, 0x0, 0x0, 0xe, 0x50, 0x0, 0x0,
    0x0, 0x0, 0x0, 0x1, 0xf3, 0x0, 0x0, 0x0,
    0x0, 0x0, 0x0, 0x5f, 0x0, 0x0, 0x0, 0x0,
    0x0, 0x0, 0xc, 0xa0, 0x0, 0x0, 0x0, 0x0,
    0x0, 0x4, 0xf3, 0x0, 0x0, 0x0, 0x0, 0x0,
    0x0, 0x4, 0x0, 0x0, 0x0, 0x0, 0x0, 0x0,
    0x0,

    /* U+4E2D "中" */
    0x0, 0x0, 0x0, 0xf7, 0x0, 0x0, 0x0, 0x0,
    0x0, 0xf, 0x60, 0x0, 0x0, 0x0, 0x0, 0x0,
    0xe6, 0x0, 0x0, 0x1, 0xee, 0xee, 0xef, 0xfe,
    0xee, 0xe9, 0x1f, 0x51, 0x11, 0xe7, 0x11, 0x1b,
    0xa1, 0xf4, 0x0, 0xe, 0x60, 0x0, 0xba, 0x1f,
    0x40, 0x0, 0xe6, 0x0, 0xb, 0xa1, 0xf4, 0x0,
    0xe, 0x60, 0x0, 0xba, 0x1f, 0xff, 0xff, 0xff,
    0xff, 0xff, 0xa1, 0xb2, 0x0, 0xe, 0x60, 0x0,
    0x77, 0x0, 0x0, 0x0, 0xe6, 0x0, 0x0, 0x0,
    0x0, 0x0, 0xe, 0x60, 0x0, 0x0, 0x0, 0x0,
    0x0, 0xe6, 0x0, 0x0, 0x0, 0x0, 0x0, 0xe,
    0x60, 0x0, 0x0, 0x0, 0x0, 0x0, 0xf7, 0x0,
    0x0, 0x0,

    /* U+4E91 "云" */
    0x0, 0x0, 0x0, 0x0, 0x0, 0x0, 0x0, 0x0,
    0xef, 0xff, 0xff, 0xff, 0xff, 0x40, 0x0, 0x32,
    0x22, 0x22, 0x22, 0x23, 0x0, 0x0, 0x0, 0x0,
    0x0, 0x0, 0x0, 0x0, 0x0, 0x0, 0x0, 0x0,
    0x0, 0x0, 0x0, 0x55, 0x55, 0x55, 0x55, 0x55,
    0x55, 0x55, 0xbb, 0xbb, 0xbe, 0xbb, 0xbb, 0xbb,
    0xbb, 0x0, 0x0, 0xe, 0xa0, 0x0, 0x0, 0x0,
    0x0, 0x0, 0x6f, 0x20, 0x0, 0x0, 0x0, 0x0,
    0x1, 0xe7, 0x0, 0x2d, 0x20, 0x0, 0x0, 0xa,
    0xb0, 0x0, 0xb, 0xd0, 0x0, 0x0, 0x6e, 0x10,
    0x0, 0x0, 0xdb, 0x0, 0x6, 0xf8, 0x67, 0x8a,
    0xbc, 0xef, 0x80, 0x6, 0xfd, 0xb9, 0x86, 0x53,
    0x26, 0xe1, 0x0, 0x0, 0x0, 0x0, 0x0, 0x0,
    0x10,

    /* U+4EAE "亮" */
    0x0, 0x0, 0x0, 0x50, 0x0, 0x0, 0x0, 0x0,
    0x0, 0x0, 0x2f, 0x50, 0x0, 0x0, 0x0, 0x8f,
    0xee, 0xee, 0xff, 0xee, 0xee, 0xf8, 0x1, 0x21,
    0x11, 0x11, 0x11, 0x11, 0x12, 0x10, 0x0, 0x4b,
    0xbb, 0xbb, 0xbb, 0xb3, 0x0, 0x0, 0x5, 0xf2,
    0x22, 0x22, 0x4f, 0x40, 0x0, 0x0, 0x6f, 0xbb,
    0xbb, 0xbc, 0xf4, 0x0, 0x0, 0x1, 0x22, 0x22,
    0x22, 0x22, 0x0, 0x0, 0x44, 0x44, 0x44, 0x44,
    0x44, 0x44, 0x44, 0xf, 0xdb, 0xbb, 0xbb, 0xbb,
    0xbb, 0xbd, 0xe0, 0xf6, 0x0, 0x22, 0x22, 0x20,
    0x0, 0x6e, 0x1, 0x0, 0xe, 0xdb, 0xbf, 0x60,
    0x0, 0x0, 0x0, 0x1, 0xf5, 0x0, 0xe6, 0x0,
    0x10, 0x0, 0x4, 0xcd, 0x0, 0xe, 0x80, 0x7,
    0xe0, 0x2f, 0xfb, 0x20, 0x0, 0xaf, 0xff, 0xf7,
    0x0, 0x41, 0x0, 0x0, 0x0, 0x0, 0x0, 0x0,

    /* U+4EF6 "件" */
    0x0, 0x0, 0x10, 0x0, 0x0, 0x0, 0x0, 0x0,
    0x0, 0x2, 0xf2, 0x0, 0x4, 0xf0, 0x0, 0x0,
    0x0, 0x8, 0xc0, 0x46, 0x4, 0xf0, 0x0, 0x0,
    0x0, 0x1f, 0x50, 0x9c, 0x4, 0xf0, 0x0, 0x0,
    0x0, 0x8f, 0x10, 0xd9, 0x36, 0xf3, 0x33, 0x10,
    0x2, 0xff, 0x13, 0xfd, 0xde, 0xfd, 0xde, 0x40,
    0xd, 0xbf, 0x1b, 0xa0, 0x4, 0xf0, 0x0, 0x0,
    0x3c, 0x2f, 0x2c, 0x20, 0x4, 0xf0, 0x0, 0x0,
    0x0, 0x2f, 0x10, 0x0, 0x4, 0xf0, 0x0, 0x0,
    0x0, 0x2f, 0x4f, 0xff, 0xff, 0xff, 0xff, 0xf4,
    0x0, 0x2f, 0x11, 0x11, 0x14, 0xf1, 0x11, 0x10,
    0x0, 0x2f, 0x10, 0x0, 0x4, 0xf0, 0x0, 0x0,
    0x0, 0x2f, 0x10, 0x0, 0x4, 0xf0, 0x0, 0x0,
    0x0, 0x2f, 0x10, 0x0, 0x4, 0xf0, 0x0, 0x0,
    0x0, 0x2f, 0x10, 0x0, 0x4, 0xf0, 0x0, 0x0,
    0x0, 0x1, 0x0, 0x0, 0x0, 0x0, 0x0, 0x0,

    /* U+4F34 "伴" */
    0x0, 0x1, 0x91, 0x0, 0x8, 0x30, 0x0, 0x0,
    0x0, 0x6e, 0x15, 0x0, 0xd5, 0x0, 0x70, 0x0,
    0xb, 0x72, 0xf3, 0xd, 0x50, 0x7e, 0x10, 0x3,
    0xf1, 0x8, 0xc0, 0xd5, 0x2f, 0x50, 0x0, 0xbf,
    0x0, 0x1b, 0xd, 0x54, 0xa0, 0x0, 0x5f, 0xf0,
    0x22, 0x11, 0xd6, 0x11, 0x20, 0x2e, 0x8f, 0xb,
    0xee, 0xef, 0xee, 0xee, 0x42, 0x83, 0xf0, 0x0,
    0x0, 0xd5, 0x0, 0x0, 0x0, 0x3f, 0x0, 0x0,
    0xd, 0x50, 0x0, 0x0, 0x3, 0xf4, 0xff, 0xff,
    0xff, 0xff, 0xfe, 0x0, 0x3f, 0x1, 0x0, 0xd,
    0x50, 0x0, 0x10, 0x3, 0xf0, 0x0, 0x0, 0xd5,
    0x0, 0x0, 0x0, 0x3f, 0x0, 0x0, 0xd, 0x50,
    0x0, 0x0, 0x3, 0xf0, 0x0, 0x0, 0xd5, 0x0,
    0x0, 0x0, 0x3f, 0x0, 0x0, 0xe, 0x60, 0x0,
    0x0,

    /* U+4F59 "余" */
    0x0, 0x0, 0x0, 0x3, 0x0, 0x0, 0x0, 0x0,
    0x0, 0x0, 0x0, 0x7f, 0x70, 0x0, 0x0, 0x0,
    0x0, 0x0, 0x2, 0xfb, 0xe2, 0x0, 0x0, 0x0,
    0x0, 0x0, 0x1d, 0xc0, 0x7e, 0x50, 0x0, 0x0,
    0x0, 0x1, 0xcd, 0x10, 0x6, 0xfb, 0x40, 0x0,
    0x0, 0x4e, 0xd1, 0x0, 0x0, 0x3c, 0xfe, 0x90,
    0x1a, 0xfb, 0xad, 0xdd, 0xdd, 0xe1, 0x5c, 0x60,
    0x9, 0x60, 0x23, 0x3e, 0x83, 0x40, 0x0, 0x0,
    0x0, 0x0, 0x0, 0xd, 0x60, 0x0, 0x0, 0x0,
    0x0, 0x65, 0x55, 0x5e, 0x95, 0x55, 0x61, 0x0,
    0x0, 0xcc, 0xcc, 0xcf, 0xdc, 0xcc, 0xc2, 0x0,
    0x0, 0x0, 0x30, 0xd, 0x60, 0x61, 0x0, 0x0,
    0x0, 0x7, 0xf4, 0xd, 0x60, 0xad, 0x10, 0x0,
    0x0, 0xaf, 0x60, 0xd, 0x60, 0xb, 0xe2, 0x0,
    0x9, 0xe3, 0x2, 0xaf, 0x50, 0x0, 0xd6, 0x0,
    0x0, 0x10, 0x0, 0xb9, 0x10, 0x0, 0x0, 0x0,

    /* U+5012 "倒" */
    0x0, 0x1, 0x0, 0x0, 0x0, 0x0, 0x0, 0x0,
    0x0, 0x9, 0xc0, 0x0, 0x0, 0x0, 0x0, 0xf3,
    0x0, 0xd, 0x8d, 0xff, 0xff, 0x30, 0x0, 0xe3,
    0x0, 0x3f, 0x31, 0x6e, 0x32, 0x6, 0xd0, 0xe3,
    0x0, 0x9f, 0x0, 0x97, 0x33, 0x5, 0xd0, 0xe3,
    0x1, 0xfe, 0x3, 0xe0, 0x6d, 0x5, 0xd0, 0xe3,
    0xa, 0xee, 0x1e, 0xda, 0xcf, 0x65, 0xd0, 0xe3,
    0x2f, 0x7e, 0xa, 0x8f, 0x69, 0x65, 0xd0, 0xe3,
    0x2, 0x3e, 0x0, 0xf, 0x20, 0x5, 0xd0, 0xe3,
    0x0, 0x3e, 0xa, 0xbf, 0xbb, 0x5, 0xd0, 0xe3,
    0x0, 0x3e, 0x6, 0x6f, 0x76, 0x6, 0xd0, 0xe3,
    0x0, 0x3e, 0x0, 0xf, 0x20, 0x3, 0x70, 0xe3,
    0x0, 0x3e, 0x0, 0xf, 0x79, 0x60, 0x0, 0xe3,
    0x0, 0x3e, 0x2c, 0xef, 0xfc, 0x50, 0x1, 0xf3,
    0x0, 0x3f, 0xc, 0x73, 0x0, 0x0, 0xcf, 0xf1,
    0x0, 0x4f, 0x0, 0x0, 0x0, 0x0, 0x69, 0x30,

    /* U+5173 "关" */
    0x0, 0x0, 0x0, 0x0, 0x0, 0x0, 0x0, 0x0,
    0x8, 0x70, 0x0, 0x3d, 0x20, 0x0, 0x0, 0x5,
    0xf3, 0x0, 0x9d, 0x0, 0x0, 0x0, 0x0, 0xb6,
    0x0, 0xf5, 0x0, 0x0, 0xc, 0xcc, 0xcc, 0xcd,
    0xfc, 0xcc, 0x80, 0x5, 0x44, 0x44, 0xe7, 0x44,
    0x44, 0x30, 0x0, 0x0, 0x0, 0xe4, 0x0, 0x0,
    0x0, 0x0, 0x0, 0x0, 0xe4, 0x0, 0x0, 0x0,
    0x11, 0x11, 0x11, 0xe6, 0x22, 0x22, 0x31, 0xae,
    0xee, 0xee, 0xff, 0xee, 0xee, 0xe7, 0x0, 0x0,
    0x5, 0xfe, 0x10, 0x0, 0x0, 0x0, 0x0, 0x1d,
    0x8b, 0xc1, 0x0, 0x0, 0x0, 0x1, 0xcc, 0x1,
    0xdd, 0x30, 0x0, 0x0, 0x6e, 0xb1, 0x0, 0x1c,
    0xfb, 0x51, 0x7e, 0xe6, 0x0, 0x0, 0x0, 0x7e,
    0xf7, 0x27, 0x0, 0x0, 0x0, 0x0, 0x0, 0x50,

    /* U+5185 "内" */
    0x0, 0x0, 0x0, 0x0, 0x0, 0x0, 0x0, 0x0,
    0x0, 0x0, 0xac, 0x0, 0x0, 0x0, 0x0, 0x0,
    0x0, 0xa9, 0x0, 0x0, 0x0, 0x13, 0x33, 0x33,
    0xba, 0x33, 0x33, 0x31, 0x4f, 0xdd, 0xdd, 0xfe,
    0xdd, 0xdd, 0xf6, 0x4f, 0x10, 0x0, 0xc6, 0x0,
    0x0, 0xf5, 0x4f, 0x10, 0x0, 0xf5, 0x0, 0x0,
    0xf5, 0x4f, 0x10, 0x6, 0xfd, 0x30, 0x0, 0xf5,
    0x4f, 0x10, 0x1e, 0x97, 0xf7, 0x0, 0xf5, 0x4f,
    0x11, 0xdd, 0x0, 0x4f, 0xa0, 0xf5, 0x4f, 0x2e,
    0xd1, 0x0, 0x3, 0xb1, 0xf5, 0x4f, 0x12, 0x10,
    0x0, 0x0, 0x0, 0xf5, 0x4f, 0x10, 0x0, 0x0,
    0x0, 0x0, 0xf5, 0x4f, 0x10, 0x0, 0x0, 0x0,
    0x35, 0xf4, 0x5f, 0x10, 0x0, 0x0, 0x0, 0xdf,
    0xb1, 0x0, 0x0, 0x0, 0x0, 0x0, 0x0, 0x0,

    /* U+51B0 "冰" */
    0x0, 0x0, 0x0, 0x0, 0xf, 0x50, 0x0, 0x0,
    0x4, 0x30, 0x0, 0x0, 0xf, 0x40, 0x0, 0x0,
    0xb, 0xd1, 0x0, 0x0, 0xf, 0x40, 0x0, 0x0,
    0x1, 0xeb, 0x0, 0x0, 0xf, 0x50, 0x2d, 0x20,
    0x0, 0x3a, 0x6f, 0xff, 0x3f, 0x70, 0xcc, 0x20,
    0x0, 0x0, 0x13, 0x3f, 0x1f, 0xdb, 0xd1, 0x0,
    0x0, 0x5, 0x0, 0x3f, 0xf, 0xfd, 0x10, 0x0,
    0x0, 0xe, 0x50, 0x6b, 0xf, 0xbb, 0x0, 0x0,
    0x0, 0x8d, 0x0, 0xc7, 0xf, 0x4f, 0x50, 0x0,
    0x2, 0xf4, 0x3, 0xf2, 0xf, 0x38, 0xe1, 0x0,
    0xc, 0xb0, 0xd, 0xa0, 0xf, 0x30, 0xdd, 0x10,
    0x2f, 0x30, 0xbe, 0x10, 0xf, 0x30, 0x3f, 0xd1,
    0x2, 0x2, 0xd5, 0x1, 0x2f, 0x20, 0x4, 0x30,
    0x0, 0x0, 0x0, 0x7, 0xff, 0x0, 0x0, 0x0,
    0x0, 0x0, 0x0, 0x2, 0x61, 0x0, 0x0, 0x0,

    /* U+51B7 "冷" */
    0x0, 0x0, 0x0, 0x0, 0x0, 0x0, 0x0, 0x0,
    0x0, 0x0, 0x0, 0x0, 0x1d, 0x30, 0x0, 0x0,
    0x3, 0x40, 0x0, 0x0, 0x6f, 0x60, 0x0, 0x0,
    0x8, 0xf3, 0x0, 0x0, 0xe9, 0xf2, 0x0, 0x0,
    0x0, 0xae, 0x20, 0x9, 0xc0, 0x8d, 0x10, 0x0,
    0x0, 0xb, 0x40, 0x6f, 0x25, 0xa, 0xe3, 0x0,
    0x0, 0x0, 0x6, 0xf4, 0x2f, 0x50, 0xaf, 0x81,
    0x0, 0x4, 0x5f, 0x40, 0x6, 0xf1, 0x7, 0xd1,
    0x0, 0xe, 0x63, 0x32, 0x22, 0x62, 0x22, 0x0,
    0x0, 0x6e, 0x7, 0xee, 0xee, 0xee, 0xfa, 0x0,
    0x0, 0xd6, 0x0, 0x0, 0x0, 0x9, 0xd0, 0x0,
    0x8, 0xe0, 0x0, 0x6, 0x20, 0x5f, 0x20, 0x0,
    0x2f, 0x70, 0x0, 0xa, 0xf6, 0xf6, 0x0, 0x0,
    0x19, 0x0, 0x0, 0x0, 0x7f, 0xc0, 0x0, 0x0,
    0x0, 0x0, 0x0, 0x0, 0x4, 0xfa, 0x0, 0x0,
    0x0, 0x0, 0x0, 0x0, 0x0, 0x35, 0x0, 0x0,

    /* U+51BB "冻" */
    0x0, 0x0, 0x0, 0x0, 0x10, 0x0, 0x0, 0x0,
    0x0, 0x0, 0x0, 0x0, 0xbb, 0x0, 0x0, 0x0,
    0x7, 0x50, 0x0, 0x0, 0xf4, 0x0, 0x0, 0x0,
    0x8, 0xf2, 0x5f, 0xff, 0xff, 0xff, 0xff, 0xe0,
    0x0, 0xcd, 0x12, 0x1d, 0x81, 0x11, 0x12, 0x20,
    0x0, 0x29, 0x0, 0x3f, 0x13, 0x40, 0x0, 0x0,
    0x0, 0x0, 0x0, 0xb8, 0x8, 0xc0, 0x0, 0x0,
    0x0, 0x0, 0x7, 0xf3, 0x29, 0xc2, 0x23, 0x0,
    0x0, 0xc, 0x1a, 0xfe, 0xef, 0xfe, 0xee, 0x20,
    0x0, 0x7e, 0x11, 0x0, 0x8, 0xc0, 0x0, 0x0,
    0x0, 0xe7, 0x0, 0x48, 0x8, 0xc0, 0xa1, 0x0,
    0x8, 0xe0, 0x1, 0xea, 0x8, 0xc0, 0xbd, 0x0,
    0x2f, 0x70, 0xc, 0xc0, 0x8, 0xc0, 0x1e, 0xa0,
    0x7, 0x0, 0xbd, 0x10, 0x8, 0xb0, 0x4, 0xd1,
    0x0, 0x0, 0x22, 0x2, 0xef, 0x80, 0x0, 0x0,
    0x0, 0x0, 0x0, 0x0, 0x84, 0x0, 0x0, 0x0,

    /* U+524D "前" */
    0x0, 0x0, 0x4, 0x0, 0x0, 0x4, 0x0, 0x0,
    0x0, 0x0, 0x2f, 0x60, 0x0, 0x4f, 0x30, 0x0,
    0x0, 0x0, 0x7, 0xa0, 0x0, 0xb9, 0x0, 0x0,
    0x2d, 0xcc, 0xcc, 0xcc, 0xcc, 0xfd, 0xcc, 0xc8,
    0x4, 0x33, 0x33, 0x33, 0x33, 0x33, 0x33, 0x43,
    0x0, 0x57, 0x77, 0x77, 0x10, 0x0, 0x2b, 0x0,
    0x0, 0xbc, 0x77, 0x8f, 0x24, 0xd0, 0x2f, 0x0,
    0x0, 0xa8, 0x0, 0x1f, 0x14, 0xe0, 0x2f, 0x0,
    0x0, 0xae, 0xdd, 0xdf, 0x14, 0xe0, 0x2f, 0x0,
    0x0, 0xa9, 0x11, 0x2f, 0x14, 0xe0, 0x2f, 0x0,
    0x0, 0xab, 0x55, 0x6f, 0x14, 0xe0, 0x2f, 0x0,
    0x0, 0xac, 0x99, 0xaf, 0x15, 0xe0, 0x2f, 0x0,
    0x0, 0xa8, 0x0, 0x1f, 0x11, 0x50, 0x2f, 0x0,
    0x0, 0xa8, 0x0, 0x1f, 0x10, 0x0, 0x2f, 0x0,
    0x0, 0xa8, 0x5, 0xbf, 0x10, 0x7, 0xcf, 0x0,
    0x0, 0xb8, 0x3, 0xc8, 0x0, 0x5, 0xc6, 0x0,

    /* U+5269 "剩" */
    0x0, 0x1, 0x24, 0x69, 0x90, 0x0, 0x5, 0xd0,
    0x1d, 0xdc, 0xfa, 0x76, 0x10, 0x0, 0x4c, 0x0,
    0x0, 0xe, 0x30, 0x0, 0xe, 0x44, 0xc0, 0xcf,
    0xee, 0xfe, 0xef, 0xe0, 0xe4, 0x4c, 0x1, 0x13,
    0x1e, 0x34, 0x21, 0xe, 0x44, 0xc0, 0x1, 0xf1,
    0xe3, 0xd5, 0x70, 0xe4, 0x4c, 0xc, 0xef, 0x1e,
    0x3d, 0xf9, 0x1e, 0x44, 0xc0, 0x3, 0xf1, 0xe3,
    0xd4, 0x31, 0xe4, 0x4c, 0x3c, 0xff, 0x1e, 0x4c,
    0xcf, 0x4e, 0x44, 0xc1, 0x51, 0x69, 0xff, 0x64,
    0x30, 0xe4, 0x4c, 0x0, 0x8, 0xde, 0x7f, 0x60,
    0x0, 0x4, 0xc0, 0xa, 0xd1, 0xe3, 0x3f, 0x80,
    0x0, 0x4c, 0xb, 0xc1, 0xe, 0x30, 0x42, 0x0,
    0x5a, 0xc0, 0x10, 0x0, 0xe3, 0x0, 0x0, 0xc,
    0xc4, 0x0, 0x0, 0x0, 0x0, 0x0, 0x0, 0x0,
    0x0,

    /* U+52A8 "动" */
    0x0, 0x0, 0x0, 0x0, 0x0, 0x75, 0x0, 0x0,
    0x0, 0x0, 0x0, 0x0, 0x0, 0xb9, 0x0, 0x0,
    0x5, 0xdd, 0xdd, 0xe4, 0x0, 0xb7, 0x0, 0x0,
    0x1, 0x43, 0x33, 0x42, 0x22, 0xb9, 0x22, 0x20,
    0x0, 0x0, 0x0, 0x6, 0xfe, 0xff, 0xee, 0xf2,
    0x14, 0x44, 0x44, 0x44, 0x0, 0xb7, 0x1, 0xf0,
    0x3b, 0xbe, 0xeb, 0xbb, 0x0, 0xc6, 0x2, 0xf0,
    0x0, 0xd, 0x50, 0x0, 0x0, 0xe4, 0x3, 0xf0,
    0x0, 0x3e, 0x4, 0x80, 0x0, 0xf2, 0x4, 0xe0,
    0x0, 0xa8, 0x2, 0xf3, 0x3, 0xf0, 0x4, 0xe0,
    0x3, 0xf1, 0x14, 0xdc, 0x8, 0xb0, 0x5, 0xd0,
    0xd, 0xff, 0xfc, 0xaf, 0x5e, 0x50, 0x6, 0xc0,
    0x4, 0x52, 0x0, 0x5, 0xbc, 0x0, 0x8, 0xb0,
    0x0, 0x0, 0x0, 0xa, 0xf2, 0x8, 0xbf, 0x70,
    0x0, 0x0, 0x0, 0x9, 0x40, 0x5, 0x84, 0x0,

    /* U+52FF "勿" */
    0x0, 0x0, 0x57, 0x0, 0x0, 0x0, 0x0, 0x0,
    0x0, 0xc, 0x90, 0x0, 0x0, 0x0, 0x0, 0x0,
    0x4, 0xf3, 0x22, 0x22, 0x22, 0x22, 0x10, 0x0,
    0xdf, 0xff, 0xff, 0xff, 0xff, 0xf9, 0x0, 0x9d,
    0x10, 0xa9, 0x3, 0xf0, 0xc, 0x70, 0x8f, 0x30,
    0xf, 0x30, 0x6d, 0x0, 0xe6, 0x9, 0x40, 0x9,
    0xb0, 0xa, 0x90, 0xf, 0x40, 0x0, 0x6, 0xf2,
    0x0, 0xf4, 0x1, 0xf2, 0x0, 0x9, 0xe3, 0x0,
    0x8d, 0x0, 0x3f, 0x10, 0x2e, 0xb1, 0x0, 0x3f,
    0x40, 0x5, 0xf0, 0x0, 0x10, 0x0, 0x2e, 0x80,
    0x0, 0x6d, 0x0, 0x0, 0x0, 0x4e, 0x90, 0x0,
    0x8, 0xb0, 0x0, 0x2, 0xaf, 0x70, 0x1, 0x77,
    0xe9, 0x0, 0x0, 0x19, 0x20, 0x0, 0xc, 0xeb,
    0x20,

    /* U+5347 "升" */
    0x0, 0x0, 0x0, 0x0, 0x0, 0x0, 0x0, 0x0,
    0x0, 0x0, 0x0, 0x6d, 0x30, 0xf6, 0x0, 0x0,
    0x0, 0x15, 0xaf, 0xfb, 0x50, 0xe6, 0x0, 0x0,
    0x2, 0xff, 0xbd, 0x90, 0x0, 0xe6, 0x0, 0x0,
    0x0, 0x20, 0xb, 0x90, 0x0, 0xe6, 0x0, 0x0,
    0x0, 0x0, 0xc, 0x80, 0x0, 0xe6, 0x0, 0x0,
    0x1, 0x11, 0x1c, 0x81, 0x11, 0xe6, 0x11, 0x10,
    0x7f, 0xff, 0xff, 0xff, 0xff, 0xff, 0xff, 0xf4,
    0x1, 0x11, 0x1f, 0x71, 0x11, 0xe6, 0x11, 0x10,
    0x0, 0x0, 0x2f, 0x30, 0x0, 0xe6, 0x0, 0x0,
    0x0, 0x0, 0xad, 0x0, 0x0, 0xe6, 0x0, 0x0,
    0x0, 0x6, 0xf4, 0x0, 0x0, 0xe6, 0x0, 0x0,
    0x0, 0x6f, 0x70, 0x0, 0x0, 0xe6, 0x0, 0x0,
    0x1a, 0xf7, 0x0, 0x0, 0x0, 0xf6, 0x0, 0x0,
    0x9, 0x40, 0x0, 0x0, 0x0, 0xf6, 0x0, 0x0,

    /* U+5377 "卷" */
    0x0, 0x0, 0x0, 0x2, 0x0, 0x0, 0x0, 0x0,
    0x0, 0x6, 0x10, 0xc, 0x90, 0x3, 0x40, 0x0,
    0x0, 0xc, 0xd0, 0xe, 0x50, 0x1d, 0xb0, 0x0,
    0x0, 0x0, 0x70, 0x2f, 0x20, 0x3a, 0x0, 0x0,
    0x0, 0xef, 0xff, 0xff, 0xff, 0xff, 0xff, 0x20,
    0x0, 0x21, 0x0, 0xab, 0x0, 0x0, 0x12, 0x0,
    0x2, 0x11, 0x12, 0xf7, 0x11, 0x11, 0x11, 0x20,
    0xd, 0xee, 0xef, 0xfe, 0xee, 0xfe, 0xee, 0xe2,
    0x0, 0x0, 0x8d, 0x10, 0x0, 0x9c, 0x20, 0x0,
    0x0, 0x2b, 0xef, 0xff, 0xff, 0xfd, 0xfb, 0x81,
    0xb, 0xf8, 0x6c, 0x0, 0x0, 0xb9, 0x3b, 0xf0,
    0x3, 0x40, 0x6c, 0x0, 0x57, 0xe7, 0x0, 0x10,
    0x0, 0x0, 0x6c, 0x0, 0x7b, 0x70, 0x40, 0x0,
    0x0, 0x0, 0x6e, 0x21, 0x11, 0x13, 0xf7, 0x0,
    0x0, 0x0, 0x2d, 0xff, 0xff, 0xfe, 0xb0, 0x0,

    /* U+53D1 "发" */
    0x0, 0x0, 0x0, 0x8, 0x40, 0x43, 0x0, 0x0,
    0x0, 0xc8, 0x0, 0xf6, 0x8, 0xe2, 0x0, 0x0,
    0xf, 0x30, 0x3f, 0x10, 0xb, 0xd0, 0x0, 0x5,
    0xd0, 0x6, 0xd0, 0x0, 0x13, 0x0, 0x0, 0xef,
    0xff, 0xff, 0xff, 0xff, 0xff, 0x80, 0x3, 0x32,
    0x2f, 0x51, 0x11, 0x11, 0x21, 0x0, 0x0, 0x6,
    0xd0, 0x0, 0x0, 0x0, 0x0, 0x0, 0x0, 0xef,
    0xff, 0xff, 0xfe, 0x0, 0x0, 0x0, 0x9e, 0xe1,
    0x0, 0xc, 0x70, 0x0, 0x0, 0x6f, 0x39, 0xb0,
    0x6, 0xd0, 0x0, 0x0, 0x6f, 0x60, 0xd, 0x94,
    0xe2, 0x0, 0x0, 0x9f, 0x50, 0x0, 0x2f, 0xf4,
    0x0, 0x0, 0x7, 0x30, 0x0, 0x6d, 0xdd, 0xd6,
    0x10, 0x0, 0x0, 0x7b, 0xfc, 0x50, 0x6, 0xdf,
    0xd7, 0x0, 0x5, 0x72, 0x0, 0x0, 0x0, 0x27,
    0x30,

    /* U+53F0 "台" */
    0x0, 0x0, 0x0, 0x0, 0x0, 0x0, 0x0, 0x0,
    0x0, 0xc, 0x90, 0x0, 0x0, 0x0, 0x0, 0x0,
    0x6f, 0x50, 0x1, 0x0, 0x0, 0x0, 0x3, 0xf7,
    0x0, 0x1e, 0x70, 0x0, 0x0, 0x2e, 0x90, 0x0,
    0x6, 0xf6, 0x0, 0x3, 0xea, 0x0, 0x0, 0x12,
    0xaf, 0x50, 0x2f, 0xfd, 0xee, 0xff, 0xff, 0xee,
    0xf4, 0xa, 0x96, 0x43, 0x21, 0x0, 0x0, 0xb7,
    0x0, 0x11, 0x11, 0x11, 0x11, 0x11, 0x0, 0x2,
    0xff, 0xff, 0xff, 0xff, 0xff, 0x30, 0x2, 0xf4,
    0x22, 0x22, 0x22, 0x3f, 0x30, 0x2, 0xf3, 0x0,
    0x0, 0x0, 0x2f, 0x30, 0x2, 0xf3, 0x0, 0x0,
    0x0, 0x2f, 0x30, 0x2, 0xfe, 0xee, 0xee, 0xee,
    0xef, 0x30, 0x2, 0xf6, 0x44, 0x44, 0x44, 0x5f,
    0x30, 0x0, 0x10, 0x0, 0x0, 0x0, 0x0, 0x0,

    /* U+540E "后" */
    0x0, 0x0, 0x0, 0x0, 0x0, 0x1, 0x42, 0x0,
    0x1, 0x44, 0x57, 0x8a, 0xce, 0xff, 0xb0, 0x0,
    0x5f, 0xcb, 0xa9, 0x75, 0x42, 0x0, 0x0, 0x5,
    0xf0, 0x0, 0x0, 0x0, 0x0, 0x0, 0x0, 0x5f,
    0x33, 0x33, 0x33, 0x33, 0x34, 0x40, 0x5, 0xfe,
    0xee, 0xee, 0xee, 0xee, 0xee, 0x0, 0x6e, 0x0,
    0x0, 0x0, 0x0, 0x0, 0x0, 0x7, 0xc0, 0x22,
    0x22, 0x22, 0x22, 0x20, 0x0, 0x9b, 0xe, 0xee,
    0xee, 0xee, 0xfe, 0x0, 0xc, 0x80, 0xe5, 0x0,
    0x0, 0x5, 0xd0, 0x0, 0xf4, 0xe, 0x50, 0x0,
    0x0, 0x5d, 0x0, 0x6f, 0x0, 0xe5, 0x0, 0x0,
    0x5, 0xd0, 0x1e, 0x90, 0xe, 0xff, 0xff, 0xff,
    0xfd, 0x1, 0x61, 0x0, 0xe5, 0x0, 0x0, 0x5,
    0xe0, 0x0, 0x0, 0x1, 0x0, 0x0, 0x0, 0x0,
    0x0,

    /* U+548C "和" */
    0x0, 0x0, 0x0, 0x2, 0x0, 0x0, 0x0, 0x0,
    0x4, 0x57, 0xad, 0xf3, 0x0, 0x0, 0x0, 0x0,
    0xdc, 0xbe, 0x52, 0x1, 0x44, 0x44, 0x40, 0x0,
    0x4, 0xd0, 0x0, 0x4f, 0xcc, 0xdf, 0x0, 0x0,
    0x4d, 0x0, 0x4, 0xe0, 0x4, 0xe0, 0xaf, 0xff,
    0xff, 0xff, 0x4e, 0x0, 0x4e, 0x0, 0x0, 0xad,
    0x0, 0x4, 0xe0, 0x4, 0xe0, 0x0, 0x2f, 0xd8,
    0x60, 0x4e, 0x0, 0x4e, 0x0, 0xa, 0xed, 0x6f,
    0x34, 0xe0, 0x4, 0xe0, 0x4, 0xf6, 0xd0, 0xbd,
    0x4e, 0x0, 0x4e, 0x1, 0xe7, 0x4d, 0x2, 0x54,
    0xe3, 0x36, 0xe0, 0xcb, 0x4, 0xd0, 0x0, 0x4f,
    0xcc, 0xde, 0x3, 0x10, 0x4d, 0x0, 0x4, 0xe0,
    0x4, 0xf0, 0x0, 0x5, 0xe0, 0x0, 0x15, 0x0,
    0x14,

    /* U+56FA "固" */
    0x5f, 0xff, 0xff, 0xff, 0xff, 0xff, 0xfe, 0x5e,
    0x22, 0x22, 0x35, 0x22, 0x22, 0x6e, 0x4e, 0x0,
    0x0, 0x4f, 0x0, 0x0, 0x5e, 0x4e, 0xd, 0xee,
    0xef, 0xee, 0xe5, 0x5e, 0x4e, 0x2, 0x22, 0x6e,
    0x22, 0x21, 0x5e, 0x4e, 0x0, 0x0, 0x4e, 0x0,
    0x0, 0x5e, 0x4e, 0x0, 0xff, 0xff, 0xff, 0x60,
    0x5e, 0x4e, 0x0, 0xf3, 0x11, 0x1d, 0x60, 0x5e,
    0x4e, 0x0, 0xf2, 0x0, 0xd, 0x60, 0x5e, 0x4e,
    0x0, 0xfe, 0xee, 0xef, 0x60, 0x5e, 0x4e, 0x0,
    0x22, 0x22, 0x22, 0x10, 0x5e, 0x5e, 0x44, 0x44,
    0x44, 0x44, 0x44, 0x8e, 0x5f, 0xdd, 0xdd, 0xdd,
    0xdd, 0xdd, 0xee, 0x1, 0x0, 0x0, 0x0, 0x0,
    0x0, 0x0,

    /* U+5728 "在" */
    0x0, 0x0, 0x0, 0x4b, 0x10, 0x0, 0x0, 0x0,
    0x0, 0x0, 0x0, 0x9d, 0x0, 0x0, 0x0, 0x0,
    0x2, 0x54, 0x44, 0xea, 0x44, 0x44, 0x44, 0x40,
    0x5, 0xcc, 0xcd, 0xfc, 0xcc, 0xcc, 0xcc, 0xc0,
    0x0, 0x0, 0xa, 0xa0, 0x9, 0x60, 0x0, 0x0,
    0x0, 0x0, 0x2f, 0x20, 0xc, 0x80, 0x0, 0x0,
    0x0, 0x6, 0xd6, 0x0, 0xc, 0x80, 0x0, 0x0,
    0x0, 0x2e, 0xb1, 0xed, 0xdf, 0xed, 0xde, 0x0,
    0x3, 0xef, 0x90, 0x43, 0x3c, 0x93, 0x34, 0x0,
    0x2f, 0xa9, 0x90, 0x0, 0xc, 0x80, 0x0, 0x0,
    0x4, 0x9, 0x90, 0x0, 0xc, 0x80, 0x0, 0x0,
    0x0, 0x9, 0x90, 0x0, 0xc, 0x80, 0x0, 0x0,
    0x0, 0x9, 0x92, 0x22, 0x2c, 0x92, 0x22, 0x30,
    0x0, 0xa, 0x9a, 0xdd, 0xdd, 0xdd, 0xdd, 0xe0,
    0x0, 0xa, 0xa0, 0x0, 0x0, 0x0, 0x0, 0x0,

    /* U+5916 "外" */
    0x0, 0x4, 0x91, 0x0, 0xe, 0x60, 0x0, 0x0,
    0x0, 0x9, 0xd0, 0x0, 0xd, 0x60, 0x0, 0x0,
    0x0, 0xe, 0x60, 0x0, 0xd, 0x60, 0x0, 0x0,
    0x0, 0x4f, 0xff, 0xfe, 0xd, 0x60, 0x0, 0x0,
    0x0, 0xca, 0x11, 0x8d, 0xd, 0x66, 0x0, 0x0,
    0x5, 0xf1, 0x0, 0xa9, 0xd, 0x7e, 0x90, 0x0,
    0x3f, 0x78, 0x10, 0xf4, 0xd, 0x62, 0xf7, 0x0,
    0x28, 0xa, 0xe9, 0xe0, 0xd, 0x60, 0x4f, 0x40,
    0x0, 0x0, 0x8f, 0x70, 0xd, 0x60, 0x8, 0xd0,
    0x0, 0x0, 0x8d, 0x0, 0xd, 0x60, 0x0, 0x10,
    0x0, 0x6, 0xf2, 0x0, 0xd, 0x60, 0x0, 0x0,
    0x0, 0x8f, 0x40, 0x0, 0xd, 0x60, 0x0, 0x0,
    0x3c, 0xe3, 0x0, 0x0, 0xe, 0x60, 0x0, 0x0,
    0x7, 0x10, 0x0, 0x0, 0xe, 0x70, 0x0, 0x0,

    /* U+591A "多" */
    0x0, 0x0, 0x9, 0x20, 0x0, 0x0, 0x0, 0x0,
    0x0, 0x9e, 0x32, 0x22, 0x22, 0x0, 0x0, 0x1b,
    0xec, 0xcc, 0xcc, 0xf8, 0x0, 0x6, 0xe9, 0x34,
    0x0, 0xb, 0xa0, 0x0, 0x1a, 0x30, 0x5f, 0x52,
    0xc9, 0x0, 0x0, 0x0, 0x0, 0x7, 0xfd, 0x90,
    0x0, 0x0, 0x2, 0x58, 0xcd, 0x66, 0xf4, 0x0,
    0x0, 0x2f, 0xd8, 0x30, 0x7f, 0xfe, 0xee, 0xe8,
    0x0, 0x0, 0x3c, 0xd3, 0x0, 0x5, 0xf2, 0x0,
    0x5b, 0xf7, 0x4a, 0x0, 0x1e, 0x70, 0x0, 0x78,
    0x10, 0x1d, 0xa2, 0xda, 0x0, 0x0, 0x0, 0x0,
    0x2, 0xff, 0x90, 0x0, 0x0, 0x0, 0x36, 0xbf,
    0xb3, 0x0, 0x0, 0x2d, 0xef, 0xfc, 0x72, 0x0,
    0x0, 0x0, 0x5, 0x53, 0x0, 0x0, 0x0, 0x0,
    0x0,

    /* U+5927 "大" */
    0x0, 0x0, 0x0, 0x8, 0x60, 0x0, 0x0, 0x0,
    0x0, 0x0, 0x0, 0xc, 0xa0, 0x0, 0x0, 0x0,
    0x0, 0x0, 0x0, 0xb, 0x90, 0x0, 0x0, 0x0,
    0x0, 0x0, 0x0, 0xb, 0x80, 0x0, 0x0, 0x0,
    0x4, 0x54, 0x44, 0x4d, 0xa4, 0x44, 0x55, 0x50,
    0x9, 0xee, 0xee, 0xef, 0xfe, 0xee, 0xee, 0xc0,
    0x0, 0x0, 0x0, 0xf, 0xb0, 0x0, 0x0, 0x0,
    0x0, 0x0, 0x0, 0x3f, 0xf2, 0x0, 0x0, 0x0,
    0x0, 0x0, 0x0, 0xaa, 0x9b, 0x0, 0x0, 0x0,
    0x0, 0x0, 0x4, 0xf2, 0x1f, 0x60, 0x0, 0x0,
    0x0, 0x0, 0x2e, 0x80, 0x6, 0xf3, 0x0, 0x0,
    0x0, 0x3, 0xec, 0x0, 0x0, 0x9f, 0x40, 0x0,
    0x1, 0x9f, 0xb0, 0x0, 0x0, 0xa, 0xf8, 0x0,
    0x2f, 0xf7, 0x0, 0x0, 0x0, 0x0, 0x8f, 0xb0,
    0x5, 0x20, 0x0, 0x0, 0x0, 0x0, 0x3, 0x20,

    /* U+5939 "夹" */
    0x0, 0x0, 0x0, 0xb9, 0x0, 0x0, 0x0, 0x0,
    0x0, 0x0, 0xb8, 0x0, 0x0, 0x0, 0x5, 0x44,
    0x44, 0xca, 0x44, 0x44, 0x40, 0xc, 0xbb, 0xbb,
    0xed, 0xbb, 0xbb, 0xa0, 0x0, 0xb3, 0x0, 0xb7,
    0x0, 0x3c, 0x20, 0x0, 0xad, 0x0, 0xc6, 0x0,
    0xab, 0x0, 0x0, 0x1f, 0x70, 0xc6, 0x4, 0xf2,
    0x0, 0x22, 0x26, 0x32, 0xd7, 0x27, 0xa2, 0x32,
    0xbe, 0xee, 0xee, 0xff, 0xee, 0xee, 0xea, 0x0,
    0x0, 0x3, 0xf9, 0xa0, 0x0, 0x0, 0x0, 0x0,
    0xc, 0x90, 0xe6, 0x0, 0x0, 0x0, 0x0, 0xac,
    0x0, 0x3f, 0x60, 0x0, 0x0, 0x4e, 0xc1, 0x0,
    0x4, 0xf9, 0x10, 0x6c, 0xf8, 0x0, 0x0, 0x0,
    0x3d, 0xe6, 0x78, 0x10, 0x0, 0x0, 0x0, 0x0,
    0x83,

    /* U+597D "好" */
    0x0, 0x5, 0x80, 0x0, 0x0, 0x0, 0x0, 0x0,
    0x0, 0x9, 0xb0, 0x1, 0x44, 0x44, 0x44, 0x40,
    0x0, 0xb, 0x60, 0x2, 0xbb, 0xbb, 0xbf, 0xe0,
    0x4, 0x3e, 0x63, 0x30, 0x0, 0x0, 0xae, 0x30,
    0xd, 0xdf, 0xcd, 0xf2, 0x0, 0x1c, 0xb1, 0x0,
    0x0, 0x7b, 0x4, 0xf0, 0x0, 0x4f, 0x0, 0x0,
    0x0, 0xc6, 0x8, 0xb1, 0x11, 0x4f, 0x11, 0x10,
    0x2, 0xf1, 0xc, 0x6e, 0xff, 0xff, 0xff, 0xf7,
    0x6, 0xf5, 0x2f, 0x10, 0x0, 0x3f, 0x0, 0x0,
    0x0, 0x5f, 0xea, 0x0, 0x0, 0x3f, 0x0, 0x0,
    0x0, 0x6, 0xfc, 0x10, 0x0, 0x3f, 0x0, 0x0,
    0x0, 0x3e, 0x6c, 0xe2, 0x0, 0x3f, 0x0, 0x0,
    0x5, 0xf6, 0x0, 0xc7, 0x0, 0x5f, 0x0, 0x0,
    0x3f, 0x60, 0x0, 0x0, 0x1f, 0xfa, 0x0, 0x0,
    0x1, 0x0, 0x0, 0x0, 0x5, 0x30, 0x0, 0x0,

    /* U+5BA4 "室" */
    0x0, 0x0, 0x0, 0x0, 0x0, 0x0, 0x0, 0x0,
    0x0, 0x0, 0xa, 0x90, 0x0, 0x0, 0x0, 0x0,
    0x0, 0x0, 0x6f, 0x0, 0x0, 0x0, 0x6, 0xff,
    0xff, 0xff, 0xff, 0xff, 0xff, 0x80, 0x6e, 0x0,
    0x0, 0x0, 0x0, 0x0, 0xe7, 0x5, 0xa1, 0x32,
    0x22, 0x22, 0x22, 0x29, 0x50, 0x0, 0x6e, 0xef,
    0xfe, 0xee, 0xea, 0x0, 0x0, 0x0, 0x3, 0xf5,
    0x0, 0x4a, 0x0, 0x0, 0x0, 0x16, 0xf8, 0x34,
    0x45, 0xf9, 0x0, 0x0, 0x6, 0xff, 0xee, 0xfb,
    0xba, 0xf7, 0x0, 0x0, 0x0, 0x0, 0x6e, 0x0,
    0x3, 0x10, 0x0, 0xf, 0xff, 0xff, 0xff, 0xff,
    0xf8, 0x0, 0x0, 0x11, 0x0, 0x6e, 0x0, 0x1,
    0x0, 0x1, 0x21, 0x11, 0x17, 0xe1, 0x11, 0x11,
    0x20, 0x9e, 0xee, 0xee, 0xee, 0xee, 0xee, 0xee,
    0x30,

    /* U+5BD2 "寒" */
    0x0, 0x0, 0x0, 0x1, 0x0, 0x0, 0x0, 0x0,
    0x0, 0x0, 0x0, 0x2f, 0x60, 0x0, 0x0, 0x0,
    0xc, 0xcc, 0xcc, 0xcf, 0xec, 0xcc, 0xcc, 0xb0,
    0xe, 0x62, 0x22, 0x22, 0x22, 0x22, 0x27, 0xd0,
    0xc, 0x40, 0xe, 0x40, 0xf, 0x50, 0x4, 0xb0,
    0x0, 0x2e, 0xef, 0xee, 0xef, 0xee, 0xa0, 0x0,
    0x0, 0x0, 0xf, 0x30, 0xe, 0x40, 0x0, 0x0,
    0x0, 0x9e, 0xef, 0xee, 0xef, 0xee, 0xe5, 0x0,
    0x1, 0x0, 0xf, 0x30, 0xe, 0x40, 0x0, 0x10,
    0x2f, 0xee, 0xef, 0xee, 0xef, 0xfe, 0xee, 0xd0,
    0x0, 0x1, 0xad, 0x11, 0x2, 0xe7, 0x0, 0x0,
    0x0, 0x7e, 0xa0, 0x6f, 0xa4, 0x2c, 0xe9, 0x71,
    0x2f, 0xd4, 0x2, 0x2, 0x9d, 0x0, 0x4a, 0xd0,
    0x3, 0x0, 0xc, 0xfa, 0x50, 0x0, 0x0, 0x0,
    0x0, 0x0, 0x0, 0x39, 0xef, 0x90, 0x0, 0x0,
    0x0, 0x0, 0x0, 0x0, 0x6, 0x50, 0x0, 0x0,

    /* U+5C0F "小" */
    0x0, 0x0, 0x0, 0x6f, 0x0, 0x0, 0x0, 0x0,
    0x0, 0x0, 0x5e, 0x0, 0x0, 0x0, 0x0, 0x0,
    0x0, 0x5e, 0x0, 0x0, 0x0, 0x0, 0x0, 0x0,
    0x5e, 0x0, 0x0, 0x0, 0x0, 0x2d, 0x30, 0x5e,
    0x0, 0xd3, 0x0, 0x0, 0x7f, 0x0, 0x5e, 0x0,
    0xbc, 0x0, 0x0, 0xca, 0x0, 0x5e, 0x0, 0x3f,
    0x50, 0x2, 0xf4, 0x0, 0x5e, 0x0, 0xa, 0xd0,
    0x9, 0xe0, 0x0, 0x5e, 0x0, 0x3, 0xf4, 0x1f,
    0x70, 0x0, 0x5e, 0x0, 0x0, 0xcb, 0x3c, 0x10,
    0x0, 0x5e, 0x0, 0x0, 0x32, 0x0, 0x0, 0x0,
    0x5e, 0x0, 0x0, 0x0, 0x0, 0x0, 0x1, 0x7e,
    0x0, 0x0, 0x0, 0x0, 0x0, 0x2f, 0xf9, 0x0,
    0x0, 0x0, 0x0, 0x0, 0x4, 0x20, 0x0, 0x0,
    0x0,

    /* U+5C18 "尘" */
    0x0, 0x0, 0x0, 0xe, 0x70, 0x0, 0x0, 0x0,
    0x0, 0x0, 0x0, 0xe, 0x70, 0x0, 0x0, 0x0,
    0x0, 0x8, 0xa0, 0xd, 0x70, 0x1e, 0x50, 0x0,
    0x0, 0x2f, 0x60, 0xd, 0x70, 0x9, 0xf3, 0x0,
    0x0, 0xcb, 0x0, 0xd, 0x70, 0x0, 0xae, 0x20,
    0x8, 0xe1, 0x0, 0xe, 0x70, 0x0, 0xd, 0xb0,
    0x8, 0x40, 0x0, 0x3, 0x20, 0x0, 0x2, 0x0,
    0x0, 0x0, 0x0, 0xc, 0x90, 0x0, 0x0, 0x0,
    0x0, 0x0, 0x0, 0xb, 0x90, 0x0, 0x0, 0x0,
    0x0, 0xdf, 0xff, 0xff, 0xff, 0xff, 0xfd, 0x0,
    0x0, 0x32, 0x22, 0x2c, 0xa2, 0x22, 0x33, 0x0,
    0x0, 0x0, 0x0, 0xb, 0x90, 0x0, 0x0, 0x0,
    0x13, 0x33, 0x33, 0x3c, 0xa3, 0x33, 0x33, 0x30,
    0x5f, 0xff, 0xff, 0xff, 0xff, 0xff, 0xff, 0xf3,
    0x0, 0x0, 0x0, 0x0, 0x0, 0x0, 0x0, 0x0,

    /* U+5E26 "带" */
    0x0, 0xf, 0x20, 0xc7, 0x1, 0xf0, 0x0, 0x21,
    0x1f, 0x31, 0xc8, 0x13, 0xf1, 0x12, 0xff, 0xff,
    0xff, 0xff, 0xff, 0xff, 0xfe, 0x0, 0xf, 0x20,
    0xc7, 0x2, 0xf0, 0x0, 0x0, 0xb, 0x10, 0x74,
    0x1, 0x90, 0x0, 0xdf, 0xff, 0xff, 0xff, 0xff,
    0xff, 0xfd, 0xd6, 0x11, 0x11, 0x95, 0x11, 0x11,
    0x5d, 0xc4, 0x0, 0x0, 0xe6, 0x0, 0x0, 0x3c,
    0x1, 0xee, 0xee, 0xff, 0xee, 0xee, 0x10, 0x1,
    0xf5, 0x22, 0xe7, 0x22, 0x5f, 0x0, 0x1, 0xf3,
    0x0, 0xd6, 0x0, 0x4f, 0x0, 0x1, 0xf3, 0x0,
    0xd6, 0x0, 0x4f, 0x0, 0x1, 0xf3, 0x0, 0xe6,
    0xb, 0xec, 0x0, 0x0, 0x10, 0x0, 0xe7, 0x4,
    0x40, 0x0,

    /* U+5E72 "干" */
    0x0, 0x0, 0x0, 0x0, 0x0, 0x0, 0x0, 0x0,
    0xe, 0xff, 0xff, 0xff, 0xff, 0xff, 0x80, 0x0,
    0x33, 0x22, 0x2d, 0x82, 0x22, 0x31, 0x0, 0x0,
    0x0, 0x0, 0xd7, 0x0, 0x0, 0x0, 0x0, 0x0,
    0x0, 0xd, 0x70, 0x0, 0x0, 0x0, 0x0, 0x0,
    0x0, 0xd7, 0x0, 0x0, 0x0, 0x3, 0x22, 0x22,
    0x2d, 0x82, 0x22, 0x22, 0x23, 0xff, 0xff, 0xff,
    0xff, 0xff, 0xff, 0xfc, 0x0, 0x0, 0x0, 0xd,
    0x70, 0x0, 0x0, 0x0, 0x0, 0x0, 0x0, 0xd7,
    0x0, 0x0, 0x0, 0x0, 0x0, 0x0, 0xd, 0x70,
    0x0, 0x0, 0x0, 0x0, 0x0, 0x0, 0xd7, 0x0,
    0x0, 0x0, 0x0, 0x0, 0x0, 0xd, 0x70, 0x0,
    0x0, 0x0, 0x0, 0x0, 0x0, 0xd7, 0x0, 0x0,
    0x0, 0x0, 0x0, 0x0, 0xe, 0x80, 0x0, 0x0,
    0x0,

    /* U+5EA6 "度" */
    0x0, 0x0, 0x0, 0x4, 0xb0, 0x0, 0x0, 0x0,
    0x0, 0x11, 0x11, 0x14, 0xf5, 0x11, 0x12, 0x0,
    0x0, 0xcf, 0xee, 0xee, 0xee, 0xee, 0xee, 0x30,
    0x0, 0xc6, 0x0, 0x84, 0x0, 0x3a, 0x0, 0x0,
    0x0, 0xc6, 0x10, 0xd6, 0x0, 0x4f, 0x1, 0x0,
    0x0, 0xc6, 0xee, 0xfe, 0xee, 0xef, 0xee, 0x40,
    0x0, 0xc6, 0x0, 0xd6, 0x0, 0x4f, 0x0, 0x0,
    0x0, 0xd5, 0x0, 0xdd, 0xbb, 0xcf, 0x0, 0x0,
    0x0, 0xe4, 0x1, 0x44, 0x44, 0x44, 0x0, 0x0,
    0x0, 0xf2, 0x9e, 0xfe, 0xee, 0xef, 0x90, 0x0,
    0x2, 0xf0, 0x0, 0x9a, 0x0, 0x6e, 0x0, 0x0,
    0x6, 0xd0, 0x0, 0xd, 0x85, 0xe3, 0x0, 0x0,
    0xb, 0x80, 0x0, 0x4, 0xff, 0x70, 0x0, 0x0,
    0x2f, 0x24, 0x69, 0xdd, 0x88, 0xdf, 0xcb, 0x90,
    0x3, 0x4, 0xa6, 0x30, 0x0, 0x2, 0x58, 0x70,

    /* U+5F00 "开" */
    0x0, 0x0, 0x0, 0x0, 0x0, 0x0, 0x0, 0x0,
    0x0, 0xef, 0xff, 0xff, 0xff, 0xff, 0xff, 0x60,
    0x0, 0x22, 0x27, 0xe2, 0x22, 0xf7, 0x22, 0x10,
    0x0, 0x0, 0x6, 0xe0, 0x0, 0xf5, 0x0, 0x0,
    0x0, 0x0, 0x6, 0xe0, 0x0, 0xf5, 0x0, 0x0,
    0x0, 0x0, 0x6, 0xe0, 0x0, 0xf5, 0x0, 0x0,
    0x5, 0x44, 0x48, 0xf4, 0x44, 0xf8, 0x44, 0x51,
    0xe, 0xdd, 0xce, 0xfc, 0xcc, 0xfd, 0xcd, 0xd3,
    0x0, 0x0, 0x9, 0xb0, 0x0, 0xf5, 0x0, 0x0,
    0x0, 0x0, 0xe, 0x70, 0x0, 0xf5, 0x0, 0x0,
    0x0, 0x0, 0x7f, 0x20, 0x0, 0xf5, 0x0, 0x0,
    0x0, 0x4, 0xf8, 0x0, 0x0, 0xf5, 0x0, 0x0,
    0x1, 0x8f, 0xa0, 0x0, 0x0, 0xf6, 0x0, 0x0,
    0x2, 0xb8, 0x0, 0x0, 0x0, 0xf6, 0x0, 0x0,

    /* U+5F3A "强" */
    0x0, 0x0, 0x0, 0x0, 0x0, 0x0, 0x0, 0xef,
    0xff, 0x64, 0xff, 0xff, 0xff, 0x50, 0x0, 0xb,
    0x54, 0xf0, 0x0, 0xd, 0x50, 0x0, 0xb, 0x54,
    0xf9, 0x99, 0x9e, 0x50, 0xbf, 0xff, 0x61, 0x44,
    0x6f, 0x44, 0x10, 0xc7, 0x0, 0x0, 0x0, 0x3e,
    0x0, 0x0, 0xd6, 0x0, 0xd, 0xff, 0xff, 0xff,
    0xe0, 0xda, 0x77, 0x1d, 0x50, 0x3e, 0x5, 0xe0,
    0x67, 0x7f, 0x1d, 0x50, 0x3e, 0x5, 0xe0, 0x0,
    0x1f, 0xd, 0xff, 0xff, 0xff, 0xe0, 0x0, 0x2f,
    0xa, 0x30, 0x3e, 0x0, 0x0, 0x0, 0x3e, 0x0,
    0x0, 0x3e, 0x8, 0xa0, 0x0, 0x5d, 0x0, 0x13,
    0x7f, 0x9d, 0xf3, 0x6c, 0xf8, 0x4f, 0xfe, 0xa7,
    0x40, 0x9c, 0x28, 0x40, 0x6, 0x20, 0x0, 0x0,
    0x11,

    /* U+5F53 "当" */
    0x0, 0x0, 0x0, 0x7f, 0x0, 0x0, 0x0, 0x5,
    0xd1, 0x0, 0x6e, 0x0, 0x6, 0xe1, 0x2, 0xfb,
    0x0, 0x6e, 0x0, 0x1e, 0xb0, 0x0, 0x6f, 0x60,
    0x6e, 0x0, 0xcd, 0x10, 0x0, 0xa, 0x40, 0x6e,
    0x1, 0xc3, 0x0, 0x3, 0x32, 0x22, 0x7e, 0x22,
    0x22, 0x20, 0xf, 0xee, 0xee, 0xee, 0xee, 0xee,
    0xf2, 0x0, 0x0, 0x0, 0x0, 0x0, 0x3, 0xf1,
    0x1, 0x22, 0x22, 0x22, 0x22, 0x24, 0xf1, 0xa,
    0xff, 0xff, 0xff, 0xff, 0xff, 0xf1, 0x0, 0x0,
    0x0, 0x0, 0x0, 0x3, 0xf1, 0x0, 0x0, 0x0,
    0x0, 0x0, 0x3, 0xf1, 0x3f, 0xff, 0xff, 0xff,
    0xff, 0xff, 0xf1, 0x2, 0x21, 0x11, 0x11, 0x11,
    0x14, 0xf1, 0x0, 0x0, 0x0, 0x0, 0x0, 0x3,
    0xf2,

    /* U+5FAE "微" */
    0x0, 0x0, 0x0, 0x0, 0x0, 0x1, 0x0, 0x0,
    0x0, 0x4a, 0x0, 0x88, 0x0, 0xf, 0x30, 0x0,
    0x1, 0xe7, 0x35, 0x77, 0x43, 0x2f, 0x0, 0x0,
    0xc, 0xa0, 0x69, 0x77, 0x86, 0x6c, 0x0, 0x0,
    0x2a, 0x6, 0x79, 0x77, 0x76, 0xad, 0xaa, 0x90,
    0x0, 0x2f, 0x9d, 0xdd, 0xd6, 0xe6, 0x6d, 0x40,
    0x0, 0xb7, 0x0, 0x0, 0x4, 0xe0, 0x4b, 0x0,
    0x7, 0xf3, 0x9d, 0xdd, 0xdb, 0xf2, 0x5a, 0x0,
    0x4e, 0xe3, 0x0, 0x0, 0x8, 0xb4, 0x79, 0x0,
    0x14, 0xc3, 0xf, 0xde, 0x50, 0x77, 0xa6, 0x0,
    0x0, 0xc3, 0x1f, 0x9, 0x50, 0x4c, 0xe1, 0x0,
    0x0, 0xc3, 0x3e, 0x9, 0x88, 0xf, 0xb0, 0x0,
    0x0, 0xc3, 0x7b, 0xb, 0xe4, 0x7f, 0xe1, 0x0,
    0x0, 0xc4, 0xe4, 0x5, 0x4a, 0xd2, 0x8e, 0x60,
    0x0, 0xd4, 0x20, 0x1, 0xca, 0x10, 0x6, 0x70,
    0x0, 0x0, 0x0, 0x0, 0x0, 0x0, 0x0, 0x0,

    /* U+6211 "我" */
    0x0, 0x0, 0x0, 0x0, 0x0, 0x0, 0x0, 0x0,
    0x0, 0x0, 0x0, 0x40, 0x5f, 0x0, 0x0, 0x0,
    0x0, 0x3, 0x7c, 0xf9, 0x4f, 0xd, 0x60, 0x0,
    0xa, 0xff, 0xfa, 0x40, 0x4e, 0x6, 0xf5, 0x0,
    0x3, 0x20, 0xd5, 0x0, 0x4e, 0x0, 0x79, 0x0,
    0x2, 0x11, 0xd6, 0x11, 0x5e, 0x11, 0x11, 0x20,
    0x3e, 0xee, 0xfe, 0xee, 0xef, 0xee, 0xee, 0xd0,
    0x0, 0x0, 0xd5, 0x0, 0x2f, 0x0, 0x2, 0x0,
    0x0, 0x0, 0xd5, 0x2, 0xf, 0x20, 0x6f, 0x10,
    0x0, 0x14, 0xed, 0xeb, 0xe, 0x40, 0xd7, 0x0,
    0x2e, 0xfe, 0xf9, 0x20, 0xb, 0x89, 0xc0, 0x0,
    0x7, 0x30, 0xd5, 0x0, 0x5, 0xfe, 0x20, 0x0,
    0x0, 0x0, 0xd5, 0x0, 0x1b, 0xf9, 0x0, 0x40,
    0x0, 0x0, 0xe5, 0x17, 0xec, 0x6f, 0x61, 0xf3,
    0x0, 0x8d, 0xf2, 0x9e, 0x60, 0x5, 0xfe, 0xd0,
    0x0, 0x47, 0x20, 0x1, 0x0, 0x0, 0x27, 0x30,

    /* U+626C "扬" */
    0x0, 0xe, 0x50, 0x0, 0x0, 0x0, 0x0, 0x0,
    0x0, 0xe, 0x40, 0xf, 0xff, 0xff, 0xff, 0x50,
    0x0, 0xd, 0x40, 0x2, 0x22, 0x2b, 0xd5, 0x0,
    0x14, 0x4e, 0x74, 0x0, 0x3, 0xd9, 0x0, 0x0,
    0x28, 0x8e, 0xa8, 0x1, 0x8e, 0x50, 0x0, 0x0,
    0x0, 0xd, 0x40, 0xe, 0xff, 0xff, 0xff, 0xf3,
    0x0, 0xd, 0x77, 0x2, 0x2f, 0x59, 0xa3, 0xf1,
    0x4, 0x8f, 0xe7, 0x0, 0x6e, 0xb, 0x73, 0xf0,
    0x3f, 0xae, 0x40, 0x1, 0xe6, 0xf, 0x44, 0xf0,
    0x1, 0xd, 0x40, 0x1d, 0xb0, 0x5e, 0x5, 0xe0,
    0x0, 0xd, 0x46, 0xfb, 0x1, 0xe8, 0x6, 0xd0,
    0x0, 0xd, 0x41, 0x80, 0xb, 0xd0, 0x7, 0xc0,
    0x2, 0x4e, 0x40, 0x4, 0xdd, 0x11, 0x3c, 0xa0,
    0x2, 0xfc, 0x10, 0x6f, 0x90, 0x6, 0xfd, 0x20,
    0x0, 0x0, 0x0, 0x2, 0x0, 0x0, 0x20, 0x0,

    /* U+65AD "断" */
    0x0, 0x0, 0xe4, 0x0, 0x0, 0x0, 0x22, 0xc,
    0x6f, 0x1d, 0x48, 0x89, 0xcd, 0xfe, 0xa0, 0xe5,
    0xe4, 0xd4, 0xe3, 0xb7, 0x10, 0x0, 0xd, 0x58,
    0x4d, 0x7a, 0xb, 0x50, 0x0, 0x0, 0xd5, 0x54,
    0xe7, 0x52, 0xb5, 0x0, 0x0, 0xd, 0x6b, 0xcf,
    0xcb, 0x4b, 0xed, 0xdd, 0xd3, 0xd5, 0xb, 0xf6,
    0x30, 0xb7, 0x26, 0xd3, 0xd, 0x51, 0xfe, 0x9d,
    0xb, 0x50, 0x4c, 0x0, 0xd5, 0xa9, 0xd4, 0xc6,
    0xc4, 0x4, 0xc0, 0xd, 0x9f, 0x2e, 0x45, 0x6e,
    0x20, 0x4c, 0x0, 0xd5, 0x40, 0xe4, 0x1, 0xf0,
    0x4, 0xc0, 0xd, 0x50, 0x6, 0x31, 0x6d, 0x0,
    0x4c, 0x0, 0xdf, 0xff, 0xff, 0xfe, 0x60, 0x4,
    0xd0, 0x0, 0x0, 0x0, 0x4, 0xd0, 0x0, 0x5e,
    0x0, 0x0, 0x0, 0x0, 0x0, 0x0, 0x0, 0x0,
    0x0,

    /* U+65B0 "新" */
    0x0, 0x0, 0xc5, 0x0, 0x0, 0x2, 0x48, 0x90,
    0x3, 0x43, 0xda, 0x44, 0x15, 0xfd, 0xba, 0x91,
    0xc, 0xee, 0xee, 0xee, 0x45, 0xd0, 0x0, 0x0,
    0x0, 0x74, 0x1, 0xb1, 0x5, 0xd0, 0x0, 0x0,
    0x0, 0x6a, 0x7, 0xa0, 0x5, 0xe3, 0x33, 0x31,
    0x2e, 0xdd, 0xdf, 0xed, 0x85, 0xfc, 0xdf, 0xc5,
    0x15, 0x44, 0xd9, 0x44, 0x35, 0xd0, 0x4e, 0x0,
    0x0, 0x0, 0xc6, 0x0, 0x5, 0xc0, 0x4e, 0x0,
    0xe, 0xff, 0xff, 0xff, 0x76, 0xb0, 0x4e, 0x0,
    0x3, 0x53, 0xd7, 0x33, 0x18, 0xa0, 0x4e, 0x0,
    0x0, 0xe8, 0xc6, 0xe3, 0xb, 0x70, 0x4e, 0x0,
    0x8, 0xe1, 0xc6, 0x8d, 0xf, 0x40, 0x4e, 0x0,
    0x3f, 0x30, 0xc6, 0x17, 0x5f, 0x0, 0x4e, 0x0,
    0x4, 0x29, 0xf5, 0x0, 0xd9, 0x0, 0x4f, 0x0,
    0x0, 0xc, 0xa0, 0x3, 0xd2, 0x0, 0x5f, 0x0,
    0x0, 0x0, 0x0, 0x0, 0x0, 0x0, 0x0, 0x0,

    /* U+65F6 "时" */
    0x0, 0x0, 0x0, 0x0, 0x0, 0xf, 0x60, 0x3,
    0x33, 0x33, 0x0, 0x0, 0x0, 0xf5, 0x0, 0xee,
    0xdd, 0xf3, 0x0, 0x0, 0xf, 0x50, 0xe, 0x60,
    0x1f, 0x36, 0x55, 0x55, 0xf9, 0x62, 0xe6, 0x1,
    0xf4, 0xcc, 0xbb, 0xbf, 0xdc, 0x4d, 0x83, 0x4f,
    0x20, 0x0, 0x0, 0xe5, 0x0, 0xde, 0xdd, 0xf2,
    0x6, 0x0, 0xe, 0x50, 0xd, 0x60, 0x1f, 0x22,
    0xf6, 0x0, 0xe5, 0x0, 0xd6, 0x1, 0xf2, 0x8,
    0xe0, 0xe, 0x50, 0xe, 0x71, 0x3f, 0x20, 0x18,
    0x10, 0xe5, 0x0, 0xef, 0xff, 0xf2, 0x0, 0x0,
    0xe, 0x50, 0xe, 0x60, 0x1f, 0x20, 0x0, 0x0,
    0xe5, 0x0, 0xe6, 0x0, 0x30, 0x0, 0x0, 0xf,
    0x50, 0x1, 0x0, 0x0, 0x0, 0x0, 0x8c, 0xf3,
    0x0, 0x0, 0x0, 0x0, 0x0, 0x4, 0x84, 0x0,
    0x0,

    /* U+6674 "晴" */
    0x0, 0x0, 0x0, 0x0, 0xf, 0x20, 0x0, 0x7,
    0x77, 0x72, 0x7b, 0xbb, 0xfc, 0xbb, 0xa0, 0xf9,
    0x7f, 0x42, 0x33, 0x3e, 0x43, 0x33, 0xf, 0x40,
    0xe4, 0xf, 0xff, 0xff, 0xff, 0x50, 0xf4, 0xe,
    0x40, 0x0, 0xe, 0x20, 0x0, 0xf, 0x51, 0xe5,
    0xff, 0xff, 0xff, 0xff, 0xf5, 0xfe, 0xef, 0x41,
    0x0, 0x0, 0x0, 0x0, 0xf, 0x40, 0xe4, 0xe,
    0xff, 0xff, 0xff, 0x20, 0xf4, 0xe, 0x40, 0xe4,
    0x0, 0x0, 0xf2, 0xf, 0x40, 0xe4, 0xe, 0xff,
    0xff, 0xff, 0x20, 0xfd, 0xdf, 0x40, 0xe4, 0x0,
    0x0, 0xf2, 0xf, 0x51, 0xe5, 0xe, 0xff, 0xff,
    0xff, 0x20, 0xf4, 0x1, 0x0, 0xe4, 0x0, 0x0,
    0xf2, 0x0, 0x0, 0x0, 0xe, 0x40, 0x0, 0x9f,
    0x10, 0x0, 0x0, 0x0, 0xe4, 0x0, 0xa, 0x70,
    0x0,

    /* U+66B4 "暴" */
    0x0, 0xe, 0xdd, 0xdd, 0xdd, 0xdd, 0xf3, 0x0,
    0x0, 0xe, 0xdd, 0xdd, 0xdd, 0xdd, 0xf2, 0x0,
    0x0, 0xe, 0x30, 0x0, 0x0, 0x0, 0xe2, 0x0,
    0x0, 0xb, 0xcf, 0xdc, 0xcd, 0xfc, 0xc2, 0x0,
    0x0, 0x66, 0x6f, 0x76, 0x67, 0xf6, 0x66, 0x0,
    0x0, 0x55, 0x5e, 0x65, 0x56, 0xe5, 0x55, 0x0,
    0xd, 0xdd, 0xdf, 0xdd, 0xdd, 0xfd, 0xdd, 0xe1,
    0x1, 0x2, 0xc9, 0x6, 0x30, 0x8c, 0x20, 0x10,
    0x4, 0x9e, 0x91, 0xb, 0x60, 0x3c, 0xea, 0x40,
    0x2d, 0x70, 0x7c, 0x3d, 0xc6, 0xd8, 0x18, 0xc0,
    0x0, 0x1, 0x7f, 0xcd, 0xac, 0xf7, 0x0, 0x0,
    0x0, 0xbf, 0xa3, 0xb, 0x50, 0x4c, 0xe7, 0x0,
    0x0, 0x41, 0x0, 0xdf, 0x20, 0x0, 0x69, 0x0,
    0x0, 0x0, 0x0, 0x31, 0x0, 0x0, 0x0, 0x0,

    /* U+6709 "有" */
    0x0, 0x0, 0x0, 0x0, 0x0, 0x0, 0x0, 0x0,
    0x0, 0x0, 0x0, 0x3f, 0x30, 0x0, 0x0, 0x0,
    0x0, 0x0, 0x0, 0x7f, 0x0, 0x0, 0x0, 0x0,
    0x7, 0xff, 0xff, 0xff, 0xff, 0xff, 0xff, 0xf1,
    0x1, 0x21, 0x15, 0xf4, 0x11, 0x11, 0x11, 0x20,
    0x0, 0x0, 0xd, 0xc0, 0x0, 0x0, 0x0, 0x0,
    0x0, 0x0, 0x8f, 0xff, 0xff, 0xff, 0xfa, 0x0,
    0x0, 0x5, 0xfe, 0x0, 0x0, 0x0, 0xaa, 0x0,
    0x0, 0x5f, 0xee, 0x33, 0x33, 0x33, 0xba, 0x0,
    0x8, 0xf8, 0x7f, 0xcc, 0xcc, 0xcc, 0xea, 0x0,
    0x9, 0x50, 0x7e, 0x0, 0x0, 0x0, 0xaa, 0x0,
    0x0, 0x0, 0x7f, 0xff, 0xff, 0xff, 0xfa, 0x0,
    0x0, 0x0, 0x7e, 0x0, 0x0, 0x0, 0xaa, 0x0,
    0x0, 0x0, 0x7e, 0x0, 0x0, 0x13, 0xc9, 0x0,
    0x0, 0x0, 0x7e, 0x0, 0x0, 0x2f, 0xd3, 0x0,
    0x0, 0x0, 0x0, 0x0, 0x0, 0x0, 0x0, 0x0,

    /* U+672A "未" */
    0x0, 0x0, 0x0, 0xf, 0x50, 0x0, 0x0, 0x0,
    0x0, 0x0, 0x0, 0xe, 0x50, 0x0, 0x0, 0x0,
    0x0, 0x32, 0x22, 0x2e, 0x62, 0x22, 0x31, 0x0,
    0x0, 0xdd, 0xdd, 0xdf, 0xed, 0xdd, 0xe4, 0x0,
    0x0, 0x0, 0x0, 0xe, 0x50, 0x0, 0x0, 0x0,
    0x0, 0x0, 0x0, 0xe, 0x50, 0x0, 0x0, 0x0,
    0x2f, 0xff, 0xff, 0xff, 0xff, 0xff, 0xff, 0x90,
    0x1, 0x0, 0x5, 0xff, 0xf7, 0x0, 0x1, 0x0,
    0x0, 0x0, 0x1e, 0x7e, 0x8f, 0x40, 0x0, 0x0,
    0x0, 0x2, 0xda, 0xe, 0x57, 0xf4, 0x0, 0x0,
    0x0, 0x4e, 0xb0, 0xe, 0x50, 0x8f, 0x80, 0x0,
    0x19, 0xf9, 0x0, 0xe, 0x50, 0x6, 0xff, 0x90,
    0x1b, 0x50, 0x0, 0xf, 0x50, 0x0, 0x18, 0x60,
    0x0, 0x0, 0x0, 0xf, 0x60, 0x0, 0x0, 0x0,

    /* U+6B63 "正" */
    0x1, 0x55, 0x55, 0x55, 0x55, 0x55, 0x56, 0x10,
    0x2c, 0xcc, 0xcc, 0xdf, 0xcc, 0xcc, 0xd2, 0x0,
    0x0, 0x0, 0x5, 0xe0, 0x0, 0x0, 0x0, 0x0,
    0x0, 0x0, 0x5e, 0x0, 0x0, 0x0, 0x0, 0xa,
    0x40, 0x5, 0xe0, 0x0, 0x0, 0x0, 0x0, 0xe6,
    0x0, 0x5f, 0x44, 0x44, 0x40, 0x0, 0xe, 0x60,
    0x5, 0xfc, 0xcc, 0xcb, 0x0, 0x0, 0xe6, 0x0,
    0x5e, 0x0, 0x0, 0x0, 0x0, 0xe, 0x60, 0x5,
    0xe0, 0x0, 0x0, 0x0, 0x0, 0xe6, 0x0, 0x5e,
    0x0, 0x0, 0x0, 0x0, 0xe, 0x60, 0x5, 0xe0,
    0x0, 0x0, 0x1, 0x43, 0xe8, 0x33, 0x7f, 0x33,
    0x33, 0x43, 0x4e, 0xee, 0xee, 0xee, 0xee, 0xee,
    0xee, 0xb0,

    /* U+6C99 "沙" */
    0x0, 0x20, 0x0, 0x0, 0xe, 0x50, 0x0, 0x0,
    0x0, 0xea, 0x0, 0x0, 0xe, 0x50, 0x0, 0x0,
    0x0, 0x2e, 0xb0, 0x0, 0xd, 0x54, 0xa0, 0x0,
    0x0, 0x3, 0x20, 0xba, 0xd, 0x52, 0xeb, 0x0,
    0x2, 0x0, 0x0, 0xe8, 0xd, 0x50, 0x2e, 0xc0,
    0xe, 0xb1, 0x2, 0xf3, 0xd, 0x50, 0x3, 0xb1,
    0x2, 0xdb, 0x6, 0xe0, 0xd, 0x50, 0x0, 0x0,
    0x0, 0x1, 0xb, 0xa0, 0xe, 0x50, 0x6a, 0x10,
    0x0, 0x26, 0x7, 0x40, 0xe, 0x50, 0xec, 0x0,
    0x0, 0x8e, 0x0, 0x0, 0x5, 0x2a, 0xf2, 0x0,
    0x0, 0xd7, 0x0, 0x0, 0x0, 0x8f, 0x50, 0x0,
    0x4, 0xf2, 0x0, 0x0, 0x2b, 0xf5, 0x0, 0x0,
    0xc, 0xc0, 0x0, 0x29, 0xfd, 0x30, 0x0, 0x0,
    0x1d, 0x70, 0x4d, 0xfd, 0x60, 0x0, 0x0, 0x0,
    0x0, 0x0, 0x7, 0x30, 0x0, 0x0, 0x0, 0x0,

    /* U+6D53 "浓" */
    0x0, 0x0, 0x0, 0x0, 0x1, 0x0, 0x0, 0x0,
    0x1, 0x80, 0x0, 0x0, 0xe, 0x80, 0x0, 0x0,
    0x2, 0xed, 0x20, 0x0, 0xf, 0x50, 0x0, 0x0,
    0x0, 0x1c, 0x5f, 0xff, 0xff, 0xff, 0xff, 0x40,
    0x0, 0x0, 0xf, 0x40, 0x6d, 0x0, 0xe, 0x40,
    0xb, 0x50, 0xd, 0x30, 0xbc, 0x0, 0xb, 0x30,
    0x9, 0xfc, 0x0, 0x1, 0xff, 0x10, 0x0, 0x0,
    0x0, 0x27, 0x0, 0xa, 0xbb, 0x70, 0x17, 0x0,
    0x0, 0x0, 0x0, 0x5f, 0x55, 0xd1, 0xcd, 0x10,
    0x0, 0x39, 0x2, 0xff, 0x40, 0xfe, 0xa0, 0x0,
    0x0, 0x9d, 0x3e, 0xad, 0x40, 0x7e, 0x0, 0x0,
    0x0, 0xe7, 0xca, 0xd, 0x40, 0xe, 0x80, 0x0,
    0x5, 0xf1, 0x0, 0xd, 0x5d, 0x34, 0xf7, 0x0,
    0xd, 0xa0, 0x0, 0xd, 0xfc, 0x10, 0x6f, 0xb0,
    0x2b, 0x50, 0x0, 0x1f, 0x90, 0x0, 0x4, 0x70,
    0x0, 0x0, 0x0, 0x3, 0x0, 0x0, 0x0, 0x0,

    /* U+6D6E "浮" */
    0x0, 0x93, 0x0, 0x0, 0x12, 0x35, 0x78, 0x0,
    0x0, 0x9f, 0x83, 0xff, 0xff, 0xdc, 0xba, 0x20,
    0x0, 0x5, 0xa0, 0x31, 0x29, 0x0, 0x2e, 0x20,
    0x0, 0x0, 0x0, 0xe5, 0xe, 0x60, 0x9d, 0x0,
    0x6, 0x60, 0x0, 0x8c, 0x8, 0xa1, 0xf4, 0x0,
    0x7, 0xfc, 0x20, 0x27, 0x0, 0x2, 0x70, 0x0,
    0x0, 0x2c, 0x10, 0xff, 0xff, 0xff, 0xff, 0x0,
    0x0, 0x0, 0x0, 0x11, 0x11, 0x8f, 0xc5, 0x0,
    0x0, 0x38, 0x0, 0x0, 0x7, 0xe3, 0x0, 0x0,
    0x0, 0x8e, 0x3e, 0xdd, 0xde, 0xfd, 0xdd, 0xe2,
    0x0, 0xe8, 0x4, 0x33, 0x38, 0xd3, 0x33, 0x40,
    0x6, 0xf1, 0x0, 0x0, 0x7, 0xd0, 0x0, 0x0,
    0x1e, 0xa0, 0x0, 0x0, 0x29, 0xc0, 0x0, 0x0,
    0x1a, 0x30, 0x0, 0x0, 0xdf, 0x80, 0x0, 0x0,
    0x0, 0x0, 0x0, 0x0, 0x32, 0x0, 0x0, 0x0,

    /* U+6E05 "清" */
    0x0, 0x20, 0x0, 0x0, 0xf, 0x60, 0x0, 0x0,
    0x3f, 0x70, 0x8a, 0xaa, 0xfc, 0xaa, 0xa2, 0x0,
    0x3e, 0x64, 0x44, 0x4f, 0x84, 0x44, 0x10, 0x0,
    0x10, 0x4d, 0xcc, 0xfd, 0xcc, 0xd1, 0x8, 0x10,
    0x1, 0x32, 0x2e, 0x62, 0x23, 0x1, 0xbf, 0x74,
    0xcc, 0xcc, 0xfd, 0xcc, 0xcb, 0x0, 0x67, 0x13,
    0x22, 0x22, 0x22, 0x23, 0x30, 0x0, 0x0, 0xd,
    0xff, 0xff, 0xff, 0xe0, 0x0, 0x4, 0x10, 0xe5,
    0x0, 0x0, 0x5e, 0x0, 0x0, 0xd5, 0xe, 0xee,
    0xee, 0xee, 0xe0, 0x0, 0x4e, 0x0, 0xe5, 0x11,
    0x11, 0x6e, 0x0, 0xc, 0x70, 0xe, 0xff, 0xff,
    0xff, 0xe0, 0x6, 0xf0, 0x0, 0xe5, 0x0, 0x0,
    0x5e, 0x0, 0xe8, 0x0, 0xe, 0x50, 0x0, 0x4b,
    0xe0, 0x4, 0x10, 0x0, 0xe5, 0x0, 0x2, 0xe7,
    0x0, 0x0, 0x0, 0x0, 0x0, 0x0, 0x0, 0x0,

    /* U+6E29 "温" */
    0x0, 0x10, 0x0, 0x0, 0x0, 0x0, 0x0, 0x0,
    0x4, 0xe6, 0x5, 0xff, 0xff, 0xff, 0xf5, 0x0,
    0x0, 0x2c, 0x45, 0xe3, 0x33, 0x33, 0xe5, 0x0,
    0x0, 0x0, 0x5, 0xff, 0xff, 0xff, 0xf5, 0x0,
    0xe, 0x50, 0x5, 0xe1, 0x11, 0x11, 0xd5, 0x0,
    0x5, 0xf6, 0x5, 0xe2, 0x22, 0x22, 0xe5, 0x0,
    0x0, 0x46, 0x5, 0xee, 0xee, 0xee, 0xe4, 0x0,
    0x0, 0x0, 0x0, 0x0, 0x0, 0x0, 0x0, 0x0,
    0x0, 0x6a, 0xf, 0xff, 0xff, 0xff, 0xff, 0x0,
    0x0, 0xa8, 0xf, 0x43, 0xe1, 0xe4, 0x3f, 0x0,
    0x0, 0xf2, 0xf, 0x31, 0xe0, 0xe3, 0x2f, 0x0,
    0x6, 0xd0, 0xf, 0x31, 0xe0, 0xe3, 0x2f, 0x0,
    0xd, 0x90, 0x1f, 0x32, 0xe1, 0xe4, 0x2f, 0x10,
    0x1c, 0x37, 0xff, 0xff, 0xff, 0xff, 0xff, 0xf4,
    0x0, 0x0, 0x0, 0x0, 0x0, 0x0, 0x0, 0x0,

    /* U+6E7F "湿" */
    0x0, 0x10, 0x0, 0x0, 0x0, 0x0, 0x0, 0x0,
    0x7, 0xe3, 0x4, 0xff, 0xff, 0xff, 0xff, 0x20,
    0x0, 0x5e, 0x53, 0xe1, 0x11, 0x11, 0x1f, 0x10,
    0x0, 0x1, 0x3, 0xff, 0xff, 0xff, 0xff, 0x10,
    0x7, 0x0, 0x3, 0xe1, 0x11, 0x11, 0x1f, 0x10,
    0x2e, 0xc2, 0x3, 0xe1, 0x11, 0x11, 0x1f, 0x10,
    0x0, 0xaa, 0x3, 0xff, 0xff, 0xff, 0xff, 0x20,
    0x0, 0x0, 0x0, 0x1, 0x80, 0x28, 0x0, 0x0,
    0x0, 0x36, 0x1d, 0x12, 0xf1, 0x4f, 0x0, 0xd2,
    0x0, 0x8b, 0xc, 0x82, 0xf0, 0x4f, 0x7, 0xd0,
    0x0, 0xd5, 0x6, 0xe2, 0xf0, 0x4e, 0x1f, 0x50,
    0x4, 0xe0, 0x0, 0xd4, 0xf0, 0x4e, 0x8b, 0x0,
    0xb, 0x90, 0x0, 0x2, 0xf0, 0x4e, 0x0, 0x0,
    0x1f, 0x30, 0x7f, 0xff, 0xff, 0xff, 0xff, 0xf2,
    0x1, 0x0, 0x0, 0x0, 0x0, 0x0, 0x0, 0x0,

    /* U+6F6E "潮" */
    0x0, 0x40, 0x0, 0x4f, 0x0, 0x0, 0x0, 0x0,
    0x5, 0xf8, 0x11, 0x4f, 0x10, 0x6f, 0xff, 0xf3,
    0x0, 0x38, 0xbf, 0xff, 0xfc, 0x5d, 0x0, 0xe2,
    0x0, 0x0, 0x0, 0x3f, 0x0, 0x5d, 0x0, 0xe2,
    0xb, 0x40, 0x3e, 0xef, 0xec, 0x5f, 0xff, 0xf2,
    0x8, 0xf7, 0x3e, 0x11, 0x4e, 0x5d, 0x0, 0xe2,
    0x0, 0x22, 0x3f, 0xee, 0xee, 0x5d, 0x0, 0xe2,
    0x0, 0x0, 0x3e, 0x11, 0x4e, 0x6e, 0x55, 0xf2,
    0x0, 0x93, 0x4f, 0xff, 0xfe, 0x6e, 0xaa, 0xf2,
    0x0, 0xf4, 0x0, 0x5e, 0x0, 0x8b, 0x0, 0xe2,
    0x4, 0xf1, 0x21, 0x6e, 0x22, 0xb8, 0x0, 0xe2,
    0x9, 0xa3, 0xee, 0xef, 0xed, 0xf3, 0x0, 0xe2,
    0x1f, 0x50, 0x0, 0x6e, 0x7, 0xd0, 0x2, 0xf1,
    0x17, 0x10, 0x0, 0x6e, 0xe, 0x40, 0x7d, 0x80,
    0x0, 0x0, 0x0, 0x0, 0x1, 0x0, 0x0, 0x0,

    /* U+708E "炎" */
    0x0, 0x0, 0x0, 0x1, 0x0, 0x0, 0x0, 0x0,
    0x0, 0x0, 0x0, 0xf, 0x60, 0x3, 0x40, 0x0,
    0x0, 0xb, 0x80, 0x2f, 0x20, 0xb, 0xc0, 0x0,
    0x0, 0x1f, 0x20, 0x6e, 0x0, 0x3f, 0x20, 0x0,
    0x0, 0x3a, 0x0, 0xdf, 0xb6, 0x12, 0x0, 0x0,
    0x0, 0x0, 0xa, 0xe3, 0x6c, 0xfb, 0x50, 0x0,
    0x0, 0x16, 0xed, 0x20, 0x0, 0x29, 0xfe, 0x80,
    0xc, 0xff, 0x70, 0xc, 0x70, 0x0, 0x19, 0x70,
    0x4, 0x60, 0x0, 0xd, 0x70, 0x2, 0x20, 0x0,
    0x0, 0x8, 0xa0, 0xf, 0x80, 0xb, 0xb0, 0x0,
    0x0, 0xe, 0x50, 0x3f, 0xd0, 0x3f, 0x10, 0x0,
    0x0, 0x19, 0x0, 0xb9, 0xb8, 0x1, 0x0, 0x0,
    0x0, 0x0, 0x1a, 0xe1, 0x1e, 0x91, 0x0, 0x0,
    0x0, 0x28, 0xec, 0x20, 0x2, 0xdf, 0xa5, 0x20,
    0xd, 0xfd, 0x60, 0x0, 0x0, 0x5, 0xcf, 0xf2,
    0x2, 0x30, 0x0, 0x0, 0x0, 0x0, 0x1, 0x20,

    /* U+70B9 "点" */
    0x0, 0x0, 0x0, 0x1f, 0x40, 0x0, 0x0, 0x0,
    0x0, 0x0, 0x0, 0x1f, 0x40, 0x0, 0x0, 0x0,
    0x0, 0x0, 0x0, 0x1f, 0xff, 0xff, 0xff, 0x50,
    0x0, 0x0, 0x0, 0x1f, 0x51, 0x11, 0x12, 0x0,
    0x0, 0x1, 0x11, 0x1f, 0x41, 0x11, 0x10, 0x0,
    0x0, 0xf, 0xff, 0xff, 0xff, 0xff, 0xf0, 0x0,
    0x0, 0xf, 0x50, 0x0, 0x0, 0x4, 0xf0, 0x0,
    0x0, 0xf, 0x50, 0x0, 0x0, 0x4, 0xf0, 0x0,
    0x0, 0xf, 0x50, 0x0, 0x0, 0x4, 0xf0, 0x0,
    0x0, 0xf, 0xff, 0xff, 0xff, 0xff, 0xf0, 0x0,
    0x0, 0x21, 0x11, 0x11, 0x11, 0x11, 0x10, 0x0,
    0x0, 0xe8, 0xa, 0x30, 0x3c, 0x0, 0x7b, 0x0,
    0x5, 0xf1, 0xb, 0xa0, 0x1e, 0x70, 0x3f, 0x50,
    0xd, 0x90, 0x5, 0xf1, 0x8, 0xe0, 0x9, 0xe0,
    0x4, 0x10, 0x0, 0x30, 0x1, 0x20, 0x1, 0x30,

    /* U+70C8 "烈" */
    0x0, 0x0, 0x0, 0x0, 0x0, 0x0, 0x3f, 0x0,
    0x7, 0xff, 0xff, 0xff, 0xf2, 0x20, 0x2f, 0x0,
    0x0, 0x1, 0xf5, 0x11, 0x14, 0xe0, 0x2f, 0x0,
    0x0, 0x6, 0xf9, 0x99, 0x53, 0xe0, 0x2f, 0x0,
    0x0, 0x3f, 0x87, 0x7f, 0x53, 0xe0, 0x2f, 0x0,
    0x6, 0xf9, 0x50, 0x4f, 0x13, 0xe0, 0x2f, 0x0,
    0x9, 0x54, 0xf6, 0xc9, 0x3, 0xe0, 0x2f, 0x0,
    0x0, 0x0, 0x4f, 0xe1, 0x4, 0xe0, 0x2f, 0x0,
    0x0, 0x4, 0xdd, 0x20, 0x1, 0x30, 0x3f, 0x0,
    0x9, 0xef, 0x80, 0x0, 0x0, 0x9, 0xfe, 0x0,
    0x7, 0x71, 0x0, 0x0, 0x2, 0x3, 0x75, 0x0,
    0x0, 0x87, 0x6, 0x90, 0x2f, 0x30, 0x8e, 0x0,
    0x3, 0xf6, 0x6, 0xf0, 0xb, 0xb0, 0x1f, 0x70,
    0xe, 0x90, 0x1, 0xf5, 0x4, 0xb0, 0x9, 0xd0,
    0x3, 0x0, 0x0, 0x30, 0x0, 0x0, 0x1, 0x0,

    /* U+70ED "热" */
    0x0, 0x4, 0xe0, 0x0, 0xb, 0x50, 0x0, 0x0,
    0x0, 0x3, 0xd0, 0x0, 0xc, 0x60, 0x0, 0x0,
    0x0, 0x14, 0xd0, 0x1, 0x2d, 0x73, 0x40, 0x0,
    0x8, 0xee, 0xfe, 0x98, 0xcf, 0xdc, 0xf0, 0x0,
    0x0, 0x3, 0xd0, 0x0, 0xd, 0x43, 0xe0, 0x0,
    0x0, 0x3, 0xe7, 0x66, 0x4e, 0x23, 0xd0, 0x0,
    0x7, 0xcf, 0xf9, 0x36, 0xff, 0x3, 0xd0, 0x0,
    0x4, 0x65, 0xd0, 0x0, 0xaf, 0xc3, 0xf0, 0x30,
    0x0, 0x3, 0xd0, 0x3, 0xf2, 0x99, 0xe4, 0xc7,
    0x0, 0x7b, 0xc0, 0x2e, 0x80, 0x0, 0x7e, 0xf1,
    0x0, 0x58, 0x20, 0x7a, 0x0, 0x0, 0x5, 0x30,
    0x0, 0x75, 0x2, 0x20, 0x8, 0x0, 0x7b, 0x0,
    0x1, 0xf6, 0x8, 0xb0, 0xe, 0x60, 0x1f, 0x50,
    0x9, 0xd0, 0x2, 0xf1, 0x8, 0xd0, 0x7, 0xd0,
    0x8, 0x40, 0x0, 0x71, 0x1, 0x40, 0x0, 0x50,

    /* U+71E5 "燥" */
    0x0, 0x2f, 0x20, 0x0, 0x0, 0x0, 0x0, 0x0,
    0x0, 0x2f, 0x10, 0x6, 0xfe, 0xee, 0xf5, 0x0,
    0x0, 0x2f, 0x10, 0x6, 0xc0, 0x0, 0xd5, 0x0,
    0x6, 0x4f, 0x4c, 0x5, 0xee, 0xee, 0xe4, 0x0,
    0xe, 0x6f, 0xe7, 0x11, 0x11, 0x2, 0x22, 0x20,
    0xf, 0x5f, 0x31, 0xfc, 0xdd, 0x1f, 0xbc, 0xe0,
    0x2f, 0x4f, 0x1, 0xf0, 0x2d, 0x1f, 0x3, 0xe0,
    0x3d, 0x4e, 0x1, 0xfe, 0xee, 0x1f, 0xff, 0xe0,
    0x0, 0x5d, 0x0, 0x11, 0x11, 0x90, 0x0, 0x0,
    0x0, 0x8f, 0x83, 0xfe, 0xee, 0xfe, 0xee, 0xf0,
    0x0, 0xb7, 0xea, 0x10, 0x4d, 0xfd, 0x30, 0x10,
    0x0, 0xf2, 0x36, 0x1, 0xd3, 0xe5, 0xd1, 0x0,
    0x7, 0xc0, 0x0, 0x1c, 0x80, 0xe0, 0xae, 0x50,
    0x2f, 0x60, 0x4, 0xdb, 0x0, 0xf0, 0xa, 0xf2,
    0x1c, 0x0, 0x1, 0x80, 0x0, 0xf0, 0x0, 0x30,
    0x0, 0x0, 0x0, 0x0, 0x0, 0x0, 0x0, 0x0,

    /* U+7279 "特" */
    0x0, 0x4, 0xf0, 0x0, 0x0, 0xe5, 0x0, 0x0,
    0x0, 0x3, 0xf0, 0x1, 0x22, 0xd6, 0x22, 0x10,
    0x7, 0xa3, 0xe0, 0x7, 0xee, 0xfe, 0xee, 0x80,
    0xa, 0x83, 0xe1, 0x0, 0x0, 0xd4, 0x0, 0x0,
    0xd, 0xef, 0xff, 0x80, 0x0, 0xd4, 0x0, 0x0,
    0x1f, 0x3, 0xe0, 0xf, 0xff, 0xff, 0xff, 0xf6,
    0x29, 0x3, 0xe0, 0x1, 0x0, 0x0, 0xe4, 0x10,
    0x0, 0x3, 0xf7, 0x60, 0x0, 0x0, 0xe3, 0x0,
    0x0, 0x5b, 0xfb, 0x3e, 0xff, 0xff, 0xff, 0xf4,
    0x1f, 0xea, 0xe0, 0x1, 0x11, 0x11, 0xe4, 0x10,
    0x4, 0x3, 0xe0, 0x0, 0xb3, 0x0, 0xe3, 0x0,
    0x0, 0x3, 0xe0, 0x0, 0xb9, 0x0, 0xe3, 0x0,
    0x0, 0x3, 0xe0, 0x0, 0x48, 0x0, 0xe3, 0x0,
    0x0, 0x3, 0xf0, 0x0, 0x0, 0x57, 0xf3, 0x0,
    0x0, 0x4, 0xf0, 0x0, 0x0, 0x7e, 0x90, 0x0,
    0x0, 0x0, 0x0, 0x0, 0x0, 0x0, 0x0, 0x0,

    /* U+72C2 "狂" */
    0x0, 0x0, 0x1, 0x0, 0x0, 0x0, 0x0, 0x0,
    0x1, 0xc2, 0xc, 0xa0, 0x0, 0x0, 0x0, 0x0,
    0x0, 0x9e, 0xad, 0x18, 0xff, 0xff, 0xff, 0xf5,
    0x0, 0xd, 0xf1, 0x1, 0x21, 0x6e, 0x11, 0x20,
    0x1, 0xbb, 0xf2, 0x0, 0x0, 0x5e, 0x0, 0x0,
    0xd, 0xa0, 0xb6, 0x0, 0x0, 0x5e, 0x0, 0x0,
    0x1, 0x0, 0x8a, 0x0, 0x0, 0x5e, 0x0, 0x0,
    0x0, 0x2, 0xec, 0x2, 0xdc, 0xdf, 0xcc, 0xd0,
    0x0, 0x2d, 0xad, 0x0, 0x43, 0x7e, 0x33, 0x40,
    0x4, 0xe7, 0x4e, 0x0, 0x0, 0x5e, 0x0, 0x0,
    0xc, 0x70, 0x5e, 0x0, 0x0, 0x5e, 0x0, 0x0,
    0x0, 0x0, 0x7d, 0x0, 0x0, 0x5e, 0x0, 0x0,
    0x0, 0x0, 0xca, 0x0, 0x0, 0x5e, 0x0, 0x0,
    0x0, 0x4a, 0xf3, 0x2d, 0xcc, 0xdf, 0xcc, 0xc9,
    0x0, 0xdd, 0x30, 0x14, 0x43, 0x33, 0x33, 0x33,
    0x0, 0x10, 0x0, 0x0, 0x0, 0x0, 0x0, 0x0,

    /* U+73B0 "现" */
    0x5, 0x55, 0x55, 0x1e, 0xff, 0xff, 0xff, 0x30,
    0xb, 0xbf, 0xcc, 0x3e, 0x40, 0x0, 0xe, 0x30,
    0x0, 0xf, 0x30, 0xd, 0x40, 0x84, 0xe, 0x30,
    0x0, 0xf, 0x30, 0xd, 0x40, 0xe6, 0xe, 0x30,
    0x1, 0x1f, 0x31, 0xd, 0x40, 0xe4, 0xe, 0x30,
    0xe, 0xff, 0xff, 0x1d, 0x40, 0xe2, 0xe, 0x30,
    0x0, 0xf, 0x30, 0xe, 0x40, 0xf0, 0xe, 0x30,
    0x0, 0xf, 0x30, 0xe, 0x44, 0xfb, 0xe, 0x30,
    0x0, 0xf, 0x30, 0x4, 0x19, 0xaf, 0x3, 0x10,
    0x0, 0xf, 0x68, 0x30, 0x2f, 0x4f, 0x0, 0x0,
    0x2a, 0xdf, 0xb7, 0x10, 0xc7, 0x2f, 0x0, 0x50,
    0x9, 0x40, 0x0, 0x3d, 0xa0, 0x1f, 0x3, 0xf2,
    0x0, 0x0, 0x8, 0xe6, 0x0, 0xd, 0xbc, 0x80,
    0x0, 0x0, 0x0, 0x10, 0x0, 0x0, 0x0, 0x0,

    /* U+7535 "电" */
    0x0, 0x0, 0x5, 0xf0, 0x0, 0x0, 0x0, 0x0,
    0x0, 0x0, 0x5f, 0x0, 0x0, 0x0, 0x0, 0x2,
    0x22, 0x26, 0xf2, 0x22, 0x22, 0x0, 0x5, 0xfe,
    0xee, 0xef, 0xee, 0xee, 0xf0, 0x0, 0x5f, 0x10,
    0x5, 0xf0, 0x0, 0x4f, 0x0, 0x5, 0xf1, 0x0,
    0x5f, 0x0, 0x4, 0xf0, 0x0, 0x5f, 0xff, 0xff,
    0xff, 0xff, 0xff, 0x0, 0x5, 0xf1, 0x0, 0x5f,
    0x0, 0x4, 0xf0, 0x0, 0x5f, 0x10, 0x5, 0xf0,
    0x0, 0x4f, 0x0, 0x5, 0xf5, 0x44, 0x8f, 0x44,
    0x47, 0xf0, 0x0, 0x5f, 0xcc, 0xcd, 0xfc, 0xcc,
    0xcc, 0x0, 0x5, 0xf0, 0x0, 0x5f, 0x0, 0x0,
    0x0, 0x0, 0x0, 0x0, 0x5, 0xf0, 0x0, 0x0,
    0x1e, 0x30, 0x0, 0x0, 0x3f, 0x52, 0x22, 0x28,
    0xf1, 0x0, 0x0, 0x0, 0xbe, 0xff, 0xff, 0xe8,
    0x0,

    /* U+75BE "疾" */
    0x0, 0x0, 0x0, 0x0, 0x0, 0x0, 0x0, 0x0,
    0x0, 0x0, 0x0, 0x2f, 0x20, 0x0, 0x0, 0x0,
    0x1, 0x11, 0x11, 0xe7, 0x11, 0x12, 0x10, 0x0,
    0xfe, 0xee, 0xee, 0xee, 0xee, 0xe9, 0x68, 0xe,
    0x30, 0x45, 0x0, 0x0, 0x0, 0x2, 0xe8, 0xe2,
    0xc, 0x70, 0x0, 0x0, 0x0, 0x3, 0x3e, 0x24,
    0xff, 0xff, 0xff, 0xfd, 0x0, 0x0, 0xe3, 0xe5,
    0x2, 0xf0, 0x1, 0x10, 0x2, 0xbf, 0x5c, 0x0,
    0x2f, 0x0, 0x0, 0x6, 0xf9, 0xf1, 0x32, 0x25,
    0xf3, 0x33, 0x42, 0x23, 0x3e, 0x4d, 0xdd, 0xef,
    0xcc, 0xcc, 0x60, 0x7, 0xb0, 0x0, 0xc, 0xf9,
    0x0, 0x0, 0x0, 0xd7, 0x0, 0x7, 0xe3, 0xe9,
    0x0, 0x0, 0x3f, 0x10, 0x9, 0xf3, 0x2, 0xec,
    0x20, 0xd, 0xa0, 0x6d, 0xd2, 0x0, 0x1, 0xcf,
    0x80, 0x52, 0x9, 0x70, 0x0, 0x0, 0x0, 0x74,

    /* U+7684 "的" */
    0x0, 0x0, 0x0, 0x0, 0x0, 0x0, 0x0, 0x0,
    0x1c, 0x20, 0x0, 0x2c, 0x30, 0x0, 0x0, 0x4f,
    0x0, 0x0, 0x6f, 0x0, 0x0, 0x0, 0x6a, 0x0,
    0x0, 0xca, 0x33, 0x33, 0x4f, 0xff, 0xff, 0x42,
    0xfe, 0xee, 0xff, 0x4e, 0x11, 0x1e, 0x4a, 0xc0,
    0x0, 0x3f, 0x4e, 0x0, 0xe, 0x8f, 0x30, 0x0,
    0x3e, 0x4e, 0x0, 0xe, 0x55, 0x46, 0x0, 0x4e,
    0x4f, 0xee, 0xef, 0x40, 0x6f, 0x10, 0x4d, 0x4e,
    0x22, 0x2e, 0x40, 0xe, 0x70, 0x4d, 0x4e, 0x0,
    0xe, 0x40, 0x8, 0xd0, 0x5c, 0x4e, 0x0, 0xe,
    0x40, 0x1, 0x10, 0x6b, 0x4e, 0x11, 0x1e, 0x40,
    0x0, 0x0, 0x7a, 0x4f, 0xff, 0xff, 0x40, 0x0,
    0x0, 0xa8, 0x5e, 0x0, 0xd, 0x40, 0x4, 0xce,
    0xd2, 0x0, 0x0, 0x0, 0x0, 0x0, 0x63, 0x0,

    /* U+77E5 "知" */
    0x0, 0x83, 0x0, 0x0, 0x0, 0x0, 0x0, 0x1,
    0xf3, 0x0, 0x0, 0x0, 0x0, 0x0, 0x6, 0xd1,
    0x11, 0x21, 0xaa, 0xaa, 0xaa, 0xc, 0xff, 0xff,
    0xf2, 0xf7, 0x55, 0x8f, 0x3f, 0x23, 0xf0, 0x0,
    0xf3, 0x0, 0x5e, 0x78, 0x4, 0xf0, 0x0, 0xf3,
    0x0, 0x5e, 0x11, 0x16, 0xe1, 0x11, 0xf3, 0x0,
    0x5e, 0xef, 0xff, 0xff, 0xf8, 0xf3, 0x0, 0x5e,
    0x0, 0xa, 0x90, 0x0, 0xf3, 0x0, 0x5e, 0x0,
    0xe, 0xa0, 0x0, 0xf3, 0x0, 0x5e, 0x0, 0x6f,
    0xdb, 0x0, 0xf5, 0x22, 0x6e, 0x0, 0xe8, 0xb,
    0xc0, 0xfe, 0xdd, 0xee, 0x9, 0xd0, 0x0, 0xb2,
    0xf3, 0x0, 0x5f, 0x6e, 0x20, 0x0, 0x0, 0x92,
    0x0, 0x14, 0x2, 0x0, 0x0, 0x0, 0x0, 0x0,
    0x0,

    /* U+79D2 "秒" */
    0x0, 0x0, 0x3, 0x10, 0x0, 0xe4, 0x0, 0x0,
    0x2, 0x58, 0xcf, 0x80, 0x0, 0xe4, 0x0, 0x0,
    0x7, 0xb9, 0xe0, 0x0, 0x0, 0xd4, 0x0, 0x0,
    0x0, 0x3, 0xe0, 0x0, 0xd3, 0xd4, 0xaa, 0x0,
    0x3, 0x35, 0xe2, 0x23, 0xf1, 0xd4, 0x3f, 0x60,
    0x1f, 0xef, 0xfe, 0xb5, 0xd0, 0xd4, 0x7, 0xf2,
    0x0, 0xa, 0xe0, 0x9, 0xa0, 0xd4, 0x0, 0x50,
    0x0, 0xe, 0xe5, 0x5d, 0x70, 0xd4, 0x9, 0x20,
    0x0, 0x6f, 0xe6, 0xe1, 0x0, 0xe4, 0x5f, 0x40,
    0x1, 0xeb, 0xe0, 0xc3, 0x0, 0x93, 0xca, 0x0,
    0xb, 0xe4, 0xe0, 0x0, 0x0, 0x8, 0xf2, 0x0,
    0x1e, 0x54, 0xe0, 0x0, 0x0, 0x5f, 0x50, 0x0,
    0x1, 0x4, 0xe0, 0x0, 0x19, 0xf6, 0x0, 0x0,
    0x0, 0x4, 0xe0, 0x9c, 0xfc, 0x30, 0x0, 0x0,
    0x0, 0x5, 0xf0, 0x8a, 0x40, 0x0, 0x0, 0x0,

    /* U+7A0B "程" */
    0x0, 0x0, 0x39, 0x20, 0x0, 0x0, 0x0, 0x0,
    0x7, 0xdf, 0xfb, 0x73, 0xff, 0xff, 0xff, 0xf0,
    0x2, 0x46, 0xd0, 0x2, 0xf1, 0x11, 0x16, 0xf0,
    0x0, 0x4, 0xd0, 0x2, 0xf0, 0x0, 0x6, 0xe0,
    0x4, 0x58, 0xe5, 0x53, 0xfb, 0xbb, 0xbc, 0xf0,
    0x8, 0xbd, 0xfb, 0xa1, 0x66, 0x66, 0x66, 0x60,
    0x0, 0xb, 0xd0, 0x1, 0x21, 0x11, 0x11, 0x20,
    0x0, 0x2f, 0xd7, 0x45, 0xee, 0xef, 0xee, 0xe3,
    0x0, 0xbd, 0xd7, 0xe0, 0x0, 0x4e, 0x0, 0x0,
    0x8, 0xe5, 0xd0, 0xa3, 0x44, 0x7f, 0x44, 0x40,
    0xe, 0x54, 0xd0, 0x2, 0xed, 0xdf, 0xdd, 0xb0,
    0x2, 0x4, 0xd0, 0x0, 0x0, 0x4e, 0x0, 0x0,
    0x0, 0x4, 0xd0, 0x2, 0x22, 0x5e, 0x22, 0x22,
    0x0, 0x4, 0xd0, 0x2f, 0xff, 0xff, 0xff, 0xfc,
    0x0, 0x5, 0xe0, 0x0, 0x0, 0x0, 0x0, 0x0,

    /* U+7EA7 "级" */
    0x0, 0x8, 0x40, 0x0, 0x0, 0x0, 0x0, 0x0,
    0x0, 0xf, 0x50, 0xaf, 0xff, 0xff, 0xf3, 0x0,
    0x0, 0x6c, 0x1, 0x12, 0xf0, 0x4, 0xf0, 0x0,
    0x1, 0xe3, 0xe, 0x51, 0xf0, 0x6, 0xc0, 0x0,
    0xb, 0x90, 0x6e, 0x1, 0xf0, 0x9, 0x80, 0x0,
    0x1f, 0xff, 0xf5, 0x1, 0xf0, 0xd, 0x73, 0x10,
    0x4, 0x17, 0xb0, 0x3, 0xf1, 0x1c, 0xcf, 0x40,
    0x0, 0x3e, 0x10, 0x4, 0xf8, 0x0, 0x2f, 0x0,
    0x2, 0xe7, 0x46, 0x7, 0xdf, 0x10, 0x7b, 0x0,
    0xd, 0xfe, 0xc8, 0xb, 0x79, 0xa0, 0xd6, 0x0,
    0x2, 0x20, 0x2, 0x2f, 0x11, 0xea, 0xe0, 0x0,
    0x3, 0x7a, 0xec, 0xaa, 0x0, 0x6f, 0x70, 0x0,
    0xd, 0xc7, 0x37, 0xe1, 0x3, 0xed, 0xe3, 0x0,
    0x0, 0x0, 0x6f, 0x42, 0x9f, 0x60, 0x8f, 0x91,
    0x0, 0x0, 0x2, 0xa, 0xa2, 0x0, 0x4, 0xa0,

    /* U+7F6E "置" */
    0xd, 0xed, 0xde, 0xdd, 0xfd, 0xde, 0xc0, 0x0,
    0xc6, 0x4, 0xa0, 0xd, 0x20, 0x7c, 0x0, 0xa,
    0xcc, 0xcc, 0xde, 0xcc, 0xcc, 0xa0, 0x3, 0x66,
    0x66, 0x6c, 0xd6, 0x66, 0x66, 0x0, 0x48, 0x77,
    0x77, 0xea, 0x77, 0x77, 0x80, 0x0, 0x6, 0xbb,
    0xbf, 0xcb, 0xbb, 0x40, 0x0, 0x0, 0x89, 0x22,
    0x22, 0x22, 0xb5, 0x0, 0x0, 0x7, 0xed, 0xdd,
    0xdd, 0xdf, 0x50, 0x0, 0x0, 0x78, 0x11, 0x11,
    0x11, 0xb5, 0x0, 0x0, 0x7, 0xff, 0xff, 0xff,
    0xff, 0x50, 0x0, 0x0, 0x7b, 0x77, 0x77, 0x77,
    0xd5, 0x0, 0x0, 0x7, 0xb5, 0x55, 0x55, 0x5c,
    0x50, 0x0, 0xed, 0xee, 0xdd, 0xdd, 0xdd, 0xed,
    0xde, 0x0,

    /* U+81EA "自" */
    0x0, 0x0, 0x20, 0x0, 0x0, 0x0, 0x0, 0x0,
    0xbb, 0x0, 0x0, 0x0, 0x0, 0x0, 0xd6, 0x0,
    0x0, 0x0, 0x3c, 0xcc, 0xfd, 0xcc, 0xcc, 0xc3,
    0x4f, 0x44, 0x44, 0x44, 0x44, 0xf4, 0x4e, 0x0,
    0x0, 0x0, 0x0, 0xe4, 0x4f, 0x33, 0x33, 0x33,
    0x33, 0xf4, 0x4f, 0xcc, 0xcc, 0xcc, 0xcc, 0xf4,
    0x4e, 0x0, 0x0, 0x0, 0x0, 0xe4, 0x4f, 0x33,
    0x33, 0x33, 0x33, 0xf4, 0x4f, 0xcc, 0xcc, 0xcc,
    0xcc, 0xf4, 0x4e, 0x0, 0x0, 0x0, 0x0, 0xe4,
    0x4e, 0x0, 0x0, 0x0, 0x0, 0xe4, 0x4f, 0xff,
    0xff, 0xff, 0xff, 0xf4, 0x5e, 0x0, 0x0, 0x0,
    0x0, 0xe5,

    /* U+8BA1 "计" */
    0x0, 0x82, 0x0, 0x0, 0x4, 0xf0, 0x0, 0x0,
    0x0, 0xae, 0x20, 0x0, 0x4, 0xe0, 0x0, 0x0,
    0x0, 0xb, 0xe1, 0x0, 0x4, 0xe0, 0x0, 0x0,
    0x0, 0x0, 0x70, 0x0, 0x4, 0xe0, 0x0, 0x0,
    0x1, 0x11, 0x0, 0x0, 0x4, 0xe0, 0x0, 0x0,
    0x6f, 0xff, 0x49, 0xff, 0xff, 0xff, 0xff, 0xf1,
    0x0, 0xe, 0x41, 0x21, 0x15, 0xe1, 0x11, 0x20,
    0x0, 0xe, 0x40, 0x0, 0x4, 0xe0, 0x0, 0x0,
    0x0, 0xe, 0x40, 0x0, 0x4, 0xe0, 0x0, 0x0,
    0x0, 0xe, 0x44, 0x30, 0x4, 0xe0, 0x0, 0x0,
    0x0, 0xe, 0x7e, 0x70, 0x4, 0xe0, 0x0, 0x0,
    0x0, 0xf, 0xf8, 0x0, 0x4, 0xe0, 0x0, 0x0,
    0x0, 0x2f, 0x80, 0x0, 0x4, 0xe0, 0x0, 0x0,
    0x0, 0x3, 0x0, 0x0, 0x4, 0xf0, 0x0, 0x0,

    /* U+8BBE "设" */
    0x0, 0x50, 0x0, 0x0, 0x0, 0x0, 0x0, 0x0,
    0x0, 0xdb, 0x0, 0xf, 0xff, 0xff, 0x30, 0x0,
    0x0, 0x1e, 0x90, 0xf, 0x20, 0x1f, 0x30, 0x0,
    0x0, 0x3, 0x50, 0x2f, 0x10, 0x1f, 0x30, 0x0,
    0x0, 0x0, 0x0, 0x8c, 0x0, 0x1f, 0x30, 0x0,
    0x4d, 0xdd, 0x15, 0xf4, 0x0, 0xf, 0xed, 0xd0,
    0x13, 0x5f, 0x14, 0x60, 0x0, 0x2, 0x54, 0x40,
    0x0, 0x2f, 0x14, 0xff, 0xff, 0xff, 0xf5, 0x0,
    0x0, 0x2f, 0x10, 0x1f, 0x10, 0x7, 0xe0, 0x0,
    0x0, 0x2f, 0x10, 0xb, 0x80, 0xe, 0x70, 0x0,
    0x0, 0x2f, 0x39, 0x2, 0xf3, 0x9d, 0x0, 0x0,
    0x0, 0x2f, 0xec, 0x0, 0x7f, 0xf3, 0x0, 0x0,
    0x0, 0x4f, 0xb0, 0x1, 0xaf, 0xf8, 0x10, 0x0,
    0x0, 0x4d, 0x14, 0xaf, 0x91, 0x3b, 0xfc, 0x91,
    0x0, 0x0, 0x1b, 0x71, 0x0, 0x0, 0x26, 0x90,

    /* U+8BF7 "请" */
    0x0, 0x41, 0x0, 0x0, 0x3, 0xf0, 0x0, 0x0,
    0x0, 0xad, 0x10, 0xbb, 0xbc, 0xfb, 0xbb, 0xa0,
    0x0, 0xb, 0xc0, 0x33, 0x35, 0xf3, 0x33, 0x30,
    0x0, 0x1, 0x30, 0x8d, 0xdd, 0xfd, 0xdd, 0x70,
    0x0, 0x0, 0x0, 0x0, 0x3, 0xf0, 0x0, 0x0,
    0x2e, 0xdd, 0x6, 0xdc, 0xcd, 0xfc, 0xcc, 0xd6,
    0x3, 0x6e, 0x1, 0x22, 0x22, 0x22, 0x22, 0x21,
    0x0, 0x3e, 0x0, 0x3f, 0xff, 0xff, 0xff, 0x0,
    0x0, 0x3e, 0x0, 0x2f, 0x0, 0x0, 0x3f, 0x0,
    0x0, 0x3e, 0x0, 0x2f, 0xee, 0xee, 0xef, 0x0,
    0x0, 0x3e, 0x1a, 0x2f, 0x0, 0x0, 0x3f, 0x0,
    0x0, 0x4f, 0xe7, 0x2f, 0xee, 0xee, 0xef, 0x0,
    0x0, 0x9e, 0x30, 0x2f, 0x0, 0x0, 0x3f, 0x0,
    0x0, 0x12, 0x0, 0x3f, 0x0, 0x1, 0xec, 0x0,
    0x0, 0x0, 0x0, 0x0, 0x0, 0x0, 0x0, 0x0,

    /* U+8F6C "转" */
    0x0, 0x0, 0x0, 0x0, 0x0, 0x10, 0x0, 0x0,
    0x0, 0xa, 0xa0, 0x0, 0x0, 0xe7, 0x0, 0x0,
    0x0, 0xe, 0x40, 0x0, 0x0, 0xf2, 0x0, 0x0,
    0x1e, 0xdf, 0xdd, 0x96, 0xbc, 0xfb, 0xbb, 0x90,
    0x3, 0x9a, 0x22, 0x22, 0x38, 0xc3, 0x33, 0x30,
    0x0, 0xd4, 0x51, 0x0, 0x9, 0x80, 0x0, 0x0,
    0x3, 0xd0, 0xd4, 0xd, 0xdf, 0xed, 0xdd, 0xe4,
    0xd, 0xa4, 0xe7, 0x43, 0x3f, 0x32, 0x22, 0x30,
    0xe, 0xed, 0xfe, 0xc0, 0x5d, 0x0, 0x0, 0x0,
    0x0, 0x0, 0xd4, 0x0, 0x9f, 0xee, 0xee, 0x60,
    0x0, 0x0, 0xd8, 0x70, 0x0, 0x0, 0xbc, 0x20,
    0x2d, 0xff, 0xfb, 0x80, 0x40, 0x9, 0xc0, 0x0,
    0x4, 0x20, 0xd4, 0x0, 0xae, 0xae, 0x10, 0x0,
    0x0, 0x0, 0xd4, 0x0, 0x3, 0xcd, 0x40, 0x0,
    0x0, 0x0, 0xe5, 0x0, 0x0, 0x6, 0xf2, 0x0,
    0x0, 0x0, 0x0, 0x0, 0x0, 0x0, 0x10, 0x0,

    /* U+8FDC "远" */
    0x3, 0x60, 0x0, 0x0, 0x0, 0x0, 0x0, 0x0,
    0x3, 0xf7, 0x1, 0xff, 0xff, 0xff, 0xf7, 0x0,
    0x0, 0x4f, 0x30, 0x22, 0x11, 0x11, 0x21, 0x0,
    0x0, 0x2, 0x0, 0x0, 0x0, 0x0, 0x0, 0x0,
    0x0, 0x0, 0x17, 0x77, 0x77, 0x77, 0x77, 0x50,
    0x2f, 0xee, 0x59, 0x8c, 0xc8, 0xdc, 0x88, 0x60,
    0x3, 0x2e, 0x30, 0x9, 0x80, 0xb7, 0x0, 0x0,
    0x0, 0xe, 0x30, 0xb, 0x70, 0xb7, 0x0, 0x0,
    0x0, 0xe, 0x30, 0xd, 0x50, 0xb7, 0x0, 0x0,
    0x0, 0xe, 0x30, 0x3f, 0x10, 0xb7, 0x6, 0x60,
    0x0, 0xe, 0x31, 0xda, 0x0, 0xb9, 0x1b, 0xb0,
    0x0, 0xf, 0x68, 0xc0, 0x0, 0x6f, 0xfe, 0x20,
    0x7, 0xe7, 0xad, 0x85, 0x33, 0x23, 0x33, 0x41,
    0x3e, 0x20, 0x3, 0x8b, 0xef, 0xff, 0xff, 0xf1,
    0x0, 0x0, 0x0, 0x0, 0x0, 0x0, 0x0, 0x0,

    /* U+901A "通" */
    0x0, 0x0, 0x0, 0x0, 0x0, 0x0, 0x0, 0x0,
    0x4, 0xa0, 0xd, 0xff, 0xff, 0xff, 0xf6, 0x0,
    0x2, 0xf7, 0x0, 0x3, 0x80, 0x4e, 0x40, 0x0,
    0x0, 0x57, 0x0, 0x1, 0xbe, 0xd2, 0x0, 0x0,
    0x0, 0x0, 0xe, 0xff, 0xff, 0xff, 0xff, 0x0,
    0x38, 0x82, 0xe, 0x30, 0xf, 0x10, 0x1f, 0x0,
    0x27, 0xd5, 0xe, 0xff, 0xff, 0xff, 0xff, 0x0,
    0x0, 0xc4, 0xd, 0x30, 0x1f, 0x20, 0x2f, 0x0,
    0x0, 0xc4, 0xd, 0x41, 0x1f, 0x21, 0x2f, 0x0,
    0x0, 0xc4, 0xe, 0xee, 0xef, 0xee, 0xef, 0x0,
    0x0, 0xc4, 0xe, 0x30, 0xf, 0x12, 0x7f, 0x0,
    0x0, 0xc9, 0xe, 0x30, 0xf, 0x14, 0xfc, 0x0,
    0x9, 0xcb, 0xef, 0x85, 0x4a, 0x44, 0x95, 0x50,
    0x6d, 0x0, 0x16, 0xac, 0xde, 0xef, 0xff, 0xc0,
    0x1, 0x0, 0x0, 0x0, 0x0, 0x0, 0x0, 0x0,

    /* U+91CD "重" */
    0x0, 0x0, 0x0, 0x0, 0x2, 0x47, 0x60, 0x0,
    0x9, 0xbc, 0xde, 0xff, 0xdc, 0xb9, 0x0, 0x0,
    0x23, 0x21, 0xe, 0x50, 0x0, 0x0, 0x3, 0xdc,
    0xcc, 0xcc, 0xfd, 0xcc, 0xcc, 0xca, 0x2, 0x22,
    0x22, 0x2e, 0x62, 0x22, 0x22, 0x20, 0x0, 0xcd,
    0xdd, 0xfe, 0xdd, 0xdd, 0x0, 0x0, 0xe, 0x62,
    0x2e, 0x62, 0x26, 0xe0, 0x0, 0x0, 0xde, 0xee,
    0xfe, 0xee, 0xee, 0x0, 0x0, 0xe, 0x72, 0x2e,
    0x72, 0x27, 0xe0, 0x0, 0x0, 0xef, 0xff, 0xff,
    0xff, 0xff, 0x0, 0x0, 0x0, 0x0, 0xe, 0x50,
    0x0, 0x0, 0x0, 0xd, 0xee, 0xee, 0xfe, 0xee,
    0xef, 0x80, 0x0, 0x0, 0x0, 0xe, 0x50, 0x0,
    0x0, 0x1, 0xff, 0xff, 0xff, 0xff, 0xff, 0xff,
    0xfb,

    /* U+95ED "闭" */
    0x0, 0x94, 0x0, 0x0, 0x0, 0x0, 0x0, 0x0,
    0x8f, 0x20, 0xdf, 0xff, 0xff, 0xff, 0x2, 0x7,
    0x30, 0x23, 0x72, 0x22, 0x6f, 0x6f, 0x0, 0x0,
    0x3, 0xf1, 0x0, 0x5e, 0x5e, 0x0, 0x0, 0x3,
    0xf0, 0x0, 0x5e, 0x5e, 0x2f, 0xff, 0xff, 0xff,
    0xf6, 0x5e, 0x5e, 0x3, 0x22, 0x7f, 0xf3, 0x31,
    0x5e, 0x5e, 0x0, 0x0, 0xda, 0xf0, 0x0, 0x5e,
    0x5e, 0x0, 0xa, 0xd3, 0xf0, 0x0, 0x5e, 0x5e,
    0x0, 0xae, 0x23, 0xf0, 0x0, 0x5e, 0x5e, 0x4e,
    0xe3, 0x3, 0xf0, 0x0, 0x5e, 0x5e, 0x29, 0x10,
    0x7, 0xf0, 0x0, 0x5e, 0x5e, 0x0, 0x0, 0xcf,
    0xa0, 0x25, 0xae, 0x6e, 0x0, 0x0, 0x21, 0x0,
    0x2f, 0xd6, 0x0, 0x0, 0x0, 0x0, 0x0, 0x0,
    0x0,

    /* U+9634 "阴" */
    0xef, 0xff, 0xfb, 0xf, 0xff, 0xff, 0xf3, 0xe5,
    0x0, 0xe5, 0xf, 0x52, 0x22, 0xf3, 0xd5, 0x4,
    0xf0, 0xf, 0x40, 0x0, 0xf3, 0xd5, 0x9, 0x90,
    0xf, 0x74, 0x45, 0xf3, 0xd5, 0xe, 0x30, 0xf,
    0xed, 0xdd, 0xf3, 0xd5, 0x1f, 0x30, 0xf, 0x30,
    0x0, 0xf3, 0xd5, 0x7, 0xc0, 0xf, 0x30, 0x0,
    0xf3, 0xd5, 0x0, 0xf2, 0x2f, 0xff, 0xff, 0xf3,
    0xd5, 0x0, 0xe5, 0x4f, 0x33, 0x33, 0xf3, 0xd5,
    0x48, 0xf4, 0x8b, 0x0, 0x0, 0xf3, 0xd5, 0x6f,
    0x91, 0xe6, 0x0, 0x0, 0xf3, 0xe5, 0x0, 0xa,
    0xe0, 0x0, 0x0, 0xf3, 0xe5, 0x0, 0x8f, 0x60,
    0x0, 0x57, 0xf2, 0x0, 0x0, 0x2a, 0x0, 0x0,
    0x9e, 0x90,

    /* U+9635 "阵" */
    0x0, 0x0, 0x0, 0x1, 0xc4, 0x0, 0x0, 0xe,
    0xff, 0xf7, 0x0, 0x5f, 0x10, 0x0, 0x0, 0xe5,
    0x2f, 0x2e, 0xde, 0xfd, 0xdd, 0xd9, 0xd, 0x56,
    0xb0, 0x45, 0xf4, 0x33, 0x33, 0x20, 0xd5, 0xb5,
    0x0, 0x7b, 0x3, 0x0, 0x0, 0xd, 0x5f, 0x10,
    0xe, 0x31, 0xf3, 0x0, 0x0, 0xd5, 0x8a, 0xa,
    0xd1, 0x2f, 0x41, 0x20, 0xd, 0x50, 0xf3, 0xdf,
    0xff, 0xfe, 0xee, 0x40, 0xd5, 0xa, 0x91, 0x10,
    0xf, 0x30, 0x0, 0xd, 0x56, 0xe8, 0x0, 0x0,
    0xf3, 0x0, 0x0, 0xd5, 0xc9, 0x5f, 0xee, 0xef,
    0xee, 0xef, 0x1e, 0x50, 0x1, 0x32, 0x23, 0xf5,
    0x22, 0x30, 0xe5, 0x0, 0x0, 0x0, 0xf, 0x30,
    0x0, 0xe, 0x50, 0x0, 0x0, 0x0, 0xf3, 0x0,
    0x0, 0x0, 0x0, 0x0, 0x0, 0x1f, 0x40, 0x0,
    0x0,

    /* U+96E8 "雨" */
    0x0, 0x0, 0x0, 0x0, 0x0, 0x0, 0x0, 0xc,
    0xff, 0xff, 0xff, 0xff, 0xff, 0xff, 0xf2, 0x22,
    0x22, 0x22, 0x6e, 0x22, 0x22, 0x22, 0x0, 0x11,
    0x11, 0x16, 0xe1, 0x11, 0x11, 0x0, 0x1f, 0xff,
    0xff, 0xff, 0xff, 0xff, 0xf5, 0x0, 0xf4, 0x0,
    0x5, 0xe0, 0x0, 0xe, 0x50, 0xf, 0x46, 0xd2,
    0x5e, 0x1e, 0x50, 0xe5, 0x0, 0xf4, 0x9, 0xa5,
    0xe0, 0x5d, 0xe, 0x50, 0xf, 0x40, 0x0, 0x5e,
    0x0, 0x0, 0xe5, 0x0, 0xf4, 0x87, 0x5, 0xe0,
    0x91, 0xe, 0x50, 0xf, 0x43, 0xe7, 0x5e, 0xa,
    0xd0, 0xe5, 0x0, 0xf4, 0x2, 0x5, 0xe0, 0x2,
    0xe, 0x50, 0xf, 0x40, 0x0, 0x5e, 0x0, 0x26,
    0xf4, 0x1, 0xe3, 0x0, 0x4, 0xd0, 0x2, 0xfc,
    0x10,

    /* U+96EA "雪" */
    0x0, 0x0, 0x0, 0x0, 0x0, 0x0, 0x0, 0xe,
    0xee, 0xee, 0xfe, 0xee, 0xee, 0x60, 0x22, 0x22,
    0x22, 0xe6, 0x22, 0x22, 0x22, 0xdd, 0xbb, 0xbb,
    0xfc, 0xbb, 0xbb, 0xce, 0xc5, 0x34, 0x41, 0xe5,
    0x34, 0x40, 0x3e, 0x62, 0x57, 0x71, 0xe5, 0x67,
    0x71, 0x16, 0x0, 0xbc, 0xc5, 0xe5, 0xac, 0xc7,
    0x0, 0x0, 0x11, 0x10, 0x10, 0x11, 0x10, 0x0,
    0x4, 0x33, 0x33, 0x33, 0x33, 0x33, 0x20, 0xa,
    0xaa, 0xaa, 0xaa, 0xaa, 0xaf, 0x90, 0x0, 0x10,
    0x0, 0x0, 0x0, 0x1f, 0x90, 0x1, 0xed, 0xdd,
    0xdd, 0xdd, 0xdf, 0x90, 0x0, 0x0, 0x0, 0x0,
    0x0, 0xf, 0x90, 0xc, 0xee, 0xee, 0xee, 0xee,
    0xef, 0x90, 0x0, 0x0, 0x0, 0x0, 0x0, 0xf,
    0x90,

    /* U+96F7 "雷" */
    0x0, 0x0, 0x0, 0x0, 0x0, 0x0, 0x0, 0x0,
    0xe, 0xee, 0xee, 0xfe, 0xee, 0xee, 0x80, 0xc,
    0xcc, 0xcc, 0xcf, 0xdc, 0xcc, 0xcc, 0xa0, 0xf6,
    0x23, 0x32, 0xd7, 0x23, 0x32, 0x8c, 0xf, 0x5a,
    0xdd, 0x1d, 0x62, 0xdd, 0xb7, 0xc0, 0x0, 0x0,
    0x0, 0xd6, 0x0, 0x0, 0x0, 0x0, 0xb, 0xee,
    0x1d, 0x71, 0xee, 0xc0, 0x0, 0x0, 0x11, 0x11,
    0x32, 0x11, 0x11, 0x0, 0x0, 0x7f, 0xee, 0xef,
    0xfe, 0xee, 0xf5, 0x0, 0x7, 0xc0, 0x0, 0xd6,
    0x0, 0xb, 0x40, 0x0, 0x7f, 0xff, 0xff, 0xff,
    0xff, 0xf4, 0x0, 0x7, 0xc0, 0x0, 0xd6, 0x0,
    0xb, 0x40, 0x0, 0x7c, 0x11, 0x1d, 0x71, 0x11,
    0xb4, 0x0, 0x7, 0xfd, 0xdd, 0xdd, 0xdd, 0xdf,
    0x40, 0x0, 0x7c, 0x0, 0x0, 0x0, 0x0, 0xb5,
    0x0, 0x0, 0x0, 0x0, 0x0, 0x0, 0x0, 0x0,

    /* U+96F9 "雹" */
    0x0, 0x0, 0x0, 0x0, 0x0, 0x0, 0x0, 0x0,
    0xe, 0xee, 0xee, 0xfe, 0xee, 0xee, 0x80, 0x5,
    0x55, 0x55, 0x5f, 0x75, 0x55, 0x55, 0x30, 0xf7,
    0x66, 0x66, 0xf8, 0x66, 0x66, 0xb8, 0xe, 0x27,
    0xdd, 0x4e, 0x35, 0xdd, 0xa8, 0x80, 0x0, 0x55,
    0x51, 0xe3, 0x15, 0x55, 0x0, 0x0, 0xa, 0xeb,
    0x3e, 0x33, 0xbb, 0xa0, 0x0, 0x0, 0x3f, 0xdb,
    0xbb, 0xbb, 0xbb, 0x30, 0x0, 0x5e, 0x31, 0x11,
    0x11, 0x11, 0xc3, 0x0, 0xbd, 0xdf, 0xff, 0xff,
    0xf3, 0xc, 0x20, 0x3, 0xb, 0x61, 0x11, 0x2f,
    0x32, 0xe0, 0x0, 0x0, 0xbe, 0xee, 0xee, 0xf4,
    0xfa, 0x30, 0x0, 0xb, 0x70, 0x0, 0x0, 0x0,
    0xe, 0x50, 0x0, 0x5e, 0xee, 0xee, 0xee, 0xef,
    0xb0,

    /* U+96FE "雾" */
    0x0, 0xbb, 0xbb, 0xbb, 0xbb, 0xbb, 0xb4, 0x0,
    0x4, 0x44, 0x44, 0xd6, 0x44, 0x44, 0x10, 0xc,
    0xee, 0xee, 0xef, 0xee, 0xee, 0xee, 0x40, 0xc4,
    0x67, 0x70, 0xd3, 0x47, 0x72, 0xb4, 0x7, 0x25,
    0x66, 0xd, 0x34, 0x66, 0x27, 0x30, 0x3, 0xcc,
    0xd3, 0xd3, 0x8c, 0xcb, 0x0, 0x0, 0x0, 0x9d,
    0x2, 0x0, 0x0, 0x0, 0x0, 0x1, 0xbf, 0xfd,
    0xdd, 0xdf, 0xd1, 0x0, 0x0, 0xd7, 0x1a, 0xa2,
    0x5d, 0xa1, 0x0, 0x0, 0x11, 0x13, 0x6d, 0xff,
    0xc5, 0x32, 0x21, 0xb, 0xcb, 0x86, 0x65, 0x26,
    0xac, 0xde, 0x30, 0x7, 0xdd, 0xdf, 0xed, 0xdd,
    0xe9, 0x0, 0x0, 0x0, 0x8, 0xe1, 0x0, 0xb,
    0x70, 0x0, 0x29, 0xce, 0xa1, 0x0, 0x9e, 0xf3,
    0x0, 0x0, 0x64, 0x0, 0x0, 0x3, 0x51, 0x0,
    0x0,

    /* U+973E "霾" */
    0x0, 0xcc, 0xcc, 0xcc, 0xcc, 0xcc, 0xc2, 0x0,
    0x22, 0x22, 0x22, 0xe4, 0x33, 0x33, 0x20, 0xe,
    0xa9, 0x99, 0x9f, 0x99, 0x99, 0x9f, 0x20, 0xd3,
    0xab, 0xb0, 0xe1, 0x8b, 0xb0, 0xe2, 0xb, 0x35,
    0x55, 0xe, 0x13, 0x55, 0xb, 0x20, 0x0, 0x69,
    0x70, 0x70, 0x46, 0x61, 0x0, 0x1, 0x5b, 0xb4,
    0xb, 0xcc, 0xec, 0xd9, 0x0, 0x88, 0x28, 0x75,
    0xb6, 0x5e, 0x49, 0x90, 0x0, 0x5c, 0xcb, 0x2b,
    0x87, 0xe6, 0xa9, 0x1, 0xdc, 0x7b, 0xd0, 0xcc,
    0xcf, 0xcd, 0x90, 0x0, 0x4c, 0x8d, 0x40, 0x2,
    0xe0, 0x0, 0x0, 0x9b, 0x4b, 0xe7, 0xbc, 0xcf,
    0xcc, 0xa0, 0x1, 0x7d, 0x67, 0x80, 0x2, 0xe0,
    0x0, 0x0, 0x68, 0x2a, 0xe8, 0xcc, 0xcc, 0xcc,
    0xd4, 0x0, 0x0, 0x51, 0x0, 0x0, 0x0, 0x0,
    0x0,

    /* U+98CE "风" */
    0x0, 0x3f, 0xff, 0xff, 0xff, 0xff, 0xe0, 0x0,
    0x0, 0x3e, 0x22, 0x22, 0x22, 0x26, 0xd0, 0x0,
    0x0, 0x3e, 0x0, 0x0, 0x2, 0x5, 0xd0, 0x0,
    0x0, 0x3e, 0xb, 0x20, 0xc, 0x85, 0xd0, 0x0,
    0x0, 0x3e, 0x8, 0xd0, 0x2f, 0x15, 0xd0, 0x0,
    0x0, 0x3e, 0x0, 0xba, 0x89, 0x4, 0xd0, 0x0,
    0x0, 0x4d, 0x0, 0x1e, 0xf2, 0x4, 0xd0, 0x0,
    0x0, 0x5c, 0x0, 0xa, 0xf1, 0x4, 0xe0, 0x0,
    0x0, 0x7a, 0x0, 0x5e, 0xba, 0x3, 0xf0, 0x0,
    0x0, 0xa8, 0x4, 0xf4, 0x2f, 0x31, 0xf1, 0x0,
    0x0, 0xe4, 0x6f, 0x50, 0x9, 0xc0, 0xe5, 0x30,
    0x4, 0xf0, 0x35, 0x0, 0x1, 0x60, 0xaa, 0xc8,
    0xc, 0x90, 0x0, 0x0, 0x0, 0x0, 0x4f, 0xf4,
    0xb, 0x10, 0x0, 0x0, 0x0, 0x0, 0x8, 0x90,
    0x0, 0x0, 0x0, 0x0, 0x0, 0x0, 0x0, 0x0,

    /* U+98D1 "飑" */
    0x0, 0x0, 0x0, 0x0, 0x0, 0x0, 0x0, 0x0,
    0x0, 0x0, 0x0, 0x0, 0x0, 0xf9, 0x0, 0x0,
    0x3, 0xff, 0xff, 0xfe, 0x5, 0xf4, 0x22, 0x20,
    0x2, 0xe0, 0x0, 0x3d, 0xd, 0xca, 0xaa, 0xf1,
    0x2, 0xe0, 0x4, 0x9d, 0x8c, 0x0, 0x0, 0xf0,
    0x2, 0xeb, 0x58, 0xcd, 0xaf, 0xdd, 0xf0, 0xf0,
    0x2, 0xe5, 0xcc, 0x7d, 0xe, 0x22, 0xe0, 0xf0,
    0x2, 0xe0, 0xde, 0x3d, 0xe, 0xcc, 0xf0, 0xf0,
    0x3, 0xd0, 0x8b, 0x3d, 0xe, 0x31, 0x1b, 0xe0,
    0x3, 0xd0, 0xdf, 0x3e, 0xe, 0x20, 0x6, 0x30,
    0x4, 0xc3, 0xdc, 0x5f, 0xe, 0x30, 0x0, 0x99,
    0x6, 0xab, 0x68, 0x9e, 0x2a, 0xee, 0xee, 0xd2,
    0x9, 0x8d, 0x4, 0x87, 0xc0, 0x0, 0x0, 0x10,
    0xe, 0x40, 0x0, 0x0, 0xcd, 0x50, 0x0, 0x8b,
    0x1e, 0x0, 0x0, 0x0, 0x19, 0xff, 0xbb, 0xf4,
    0x1, 0x0, 0x0, 0x0, 0x0, 0x3, 0x66, 0x30,

    /* U+98D3 "飓" */
    0x3, 0xfe, 0xee, 0xef, 0x3, 0xfd, 0xdf, 0x10,
    0x2, 0xe0, 0x0, 0x2e, 0x3, 0xea, 0xaf, 0x10,
    0x1, 0xe0, 0x4, 0xbe, 0x3, 0xd3, 0x3f, 0x10,
    0x1, 0xeb, 0x67, 0xbe, 0x3, 0xfe, 0xef, 0x10,
    0x1, 0xe4, 0xdb, 0x6e, 0x3, 0xd0, 0xe, 0x10,
    0x1, 0xd0, 0xdf, 0x2e, 0x3, 0xfe, 0xef, 0x10,
    0x2, 0xd0, 0x7b, 0x2e, 0x3, 0xd0, 0xe, 0x10,
    0x3, 0xc0, 0xbf, 0x1f, 0x4e, 0xee, 0xee, 0xe5,
    0x5, 0xa2, 0xeb, 0x5e, 0x10, 0x55, 0x26, 0x0,
    0x8, 0x8b, 0x75, 0xba, 0x63, 0xe3, 0x1d, 0x60,
    0xc, 0x6a, 0x1, 0x83, 0xe3, 0x40, 0x2, 0x71,
    0x2f, 0x10, 0x0, 0x0, 0x7d, 0x61, 0x1, 0xe5,
    0x6, 0x0, 0x0, 0x0, 0x3, 0x9d, 0xfe, 0xa0,
    0x0, 0x0, 0x0, 0x0, 0x0, 0x0, 0x0, 0x0,

    /* U+9F99 "龙" */
    0x0, 0x0, 0x0, 0x0, 0x0, 0x0, 0x0, 0x0,
    0x0, 0x0, 0x0, 0xc9, 0x0, 0x20, 0x0, 0x0,
    0x0, 0x0, 0x0, 0xc8, 0x0, 0xea, 0x0, 0x0,
    0x0, 0x0, 0x0, 0xc7, 0x0, 0x3f, 0x50, 0x0,
    0x1, 0x22, 0x22, 0xd7, 0x22, 0x24, 0x22, 0x20,
    0x9, 0xff, 0xff, 0xff, 0xff, 0xff, 0xff, 0xc0,
    0x0, 0x0, 0x2, 0xf2, 0xd6, 0x0, 0x0, 0x0,
    0x0, 0x0, 0x6, 0xf0, 0xd6, 0x0, 0x71, 0x0,
    0x0, 0x0, 0xa, 0xb0, 0xd6, 0x6, 0xf4, 0x0,
    0x0, 0x0, 0x1f, 0x40, 0xd6, 0x2f, 0x60, 0x0,
    0x0, 0x0, 0x9d, 0x0, 0xd7, 0xda, 0x0, 0x0,
    0x0, 0x5, 0xf4, 0x0, 0xde, 0xc0, 0x0, 0x0,
    0x0, 0x4f, 0x90, 0x4, 0xfc, 0x0, 0x0, 0x60,
    0x6, 0xfa, 0x4, 0xbf, 0xe8, 0x0, 0x5, 0xf4,
    0x9, 0x90, 0xb, 0x91, 0x9f, 0xff, 0xff, 0xa0,
    0x0, 0x0, 0x0, 0x0, 0x0, 0x0, 0x0, 0x0,

    /* U+FF0C "，" */
    0x6, 0x61, 0xf, 0xf3, 0xf, 0xf3, 0x0, 0xe2,
    0x8, 0xa0, 0x3, 0x0
};


/*---------------------
 *  GLYPH DESCRIPTION
 *--------------------*/

static const lv_font_fmt_txt_glyph_dsc_t glyph_dsc[] = {
    {.bitmap_index = 0, .adv_w = 0, .box_w = 0, .box_h = 0, .ofs_x = 0, .ofs_y = 0} /* id = 0 reserved */,
    {.bitmap_index = 0, .adv_w = 128, .box_w = 0, .box_h = 0, .ofs_x = 0, .ofs_y = 0},
    {.bitmap_index = 0, .adv_w = 128, .box_w = 2, .box_h = 12, .ofs_x = 3, .ofs_y = 0},
    {.bitmap_index = 12, .adv_w = 128, .box_w = 4, .box_h = 4, .ofs_x = 2, .ofs_y = 8},
    {.bitmap_index = 20, .adv_w = 128, .box_w = 8, .box_h = 12, .ofs_x = 0, .ofs_y = 0},
    {.bitmap_index = 68, .adv_w = 128, .box_w = 7, .box_h = 15, .ofs_x = 0, .ofs_y = -2},
    {.bitmap_index = 121, .adv_w = 128, .box_w = 8, .box_h = 12, .ofs_x = 0, .ofs_y = 0},
    {.bitmap_index = 169, .adv_w = 128, .box_w = 8, .box_h = 12, .ofs_x = 0, .ofs_y = 0},
    {.bitmap_index = 217, .adv_w = 128, .box_w = 3, .box_h = 4, .ofs_x = 2, .ofs_y = 8},
    {.bitmap_index = 223, .adv_w = 128, .box_w = 5, .box_h = 16, .ofs_x = 3, .ofs_y = -2},
    {.bitmap_index = 263, .adv_w = 128, .box_w = 5, .box_h = 16, .ofs_x = 0, .ofs_y = -2},
    {.bitmap_index = 303, .adv_w = 128, .box_w = 8, .box_h = 9, .ofs_x = 0, .ofs_y = 3},
    {.bitmap_index = 339, .adv_w = 128, .box_w = 8, .box_h = 8, .ofs_x = 0, .ofs_y = 2},
    {.bitmap_index = 371, .adv_w = 128, .box_w = 2, .box_h = 4, .ofs_x = 1, .ofs_y = -2},
    {.bitmap_index = 375, .adv_w = 128, .box_w = 8, .box_h = 2, .ofs_x = 0, .ofs_y = 5},
    {.bitmap_index = 383, .adv_w = 128, .box_w = 2, .box_h = 2, .ofs_x = 1, .ofs_y = 0},
    {.bitmap_index = 385, .adv_w = 128, .box_w = 8, .box_h = 14, .ofs_x = 0, .ofs_y = -1},
    {.bitmap_index = 441, .adv_w = 128, .box_w = 8, .box_h = 13, .ofs_x = 0, .ofs_y = -1},
    {.bitmap_index = 493, .adv_w = 128, .box_w = 4, .box_h = 12, .ofs_x = 1, .ofs_y = 0},
    {.bitmap_index = 517, .adv_w = 128, .box_w = 8, .box_h = 13, .ofs_x = 0, .ofs_y = 0},
    {.bitmap_index = 569, .adv_w = 128, .box_w = 8, .box_h = 12, .ofs_x = 0, .ofs_y = 0},
    {.bitmap_index = 617, .adv_w = 128, .box_w = 8, .box_h = 12, .ofs_x = 0, .ofs_y = 0},
    {.bitmap_index = 665, .adv_w = 128, .box_w = 8, .box_h = 12, .ofs_x = 0, .ofs_y = 0},
    {.bitmap_index = 713, .adv_w = 128, .box_w = 8, .box_h = 12, .ofs_x = 0, .ofs_y = 0},
    {.bitmap_index = 761, .adv_w = 128, .box_w = 8, .box_h = 12, .ofs_x = 0, .ofs_y = 0},
    {.bitmap_index = 809, .adv_w = 128, .box_w = 8, .box_h = 12, .ofs_x = 0, .ofs_y = 0},
    {.bitmap_index = 857, .adv_w = 128, .box_w = 8, .box_h = 12, .ofs_x = 0, .ofs_y = 0},
    {.bitmap_index = 905, .adv_w = 128, .box_w = 2, .box_h = 8, .ofs_x = 3, .ofs_y = 0},
    {.bitmap_index = 913, .adv_w = 128, .box_w = 2, .box_h = 10, .ofs_x = 3, .ofs_y = -2},
    {.bitmap_index = 923, .adv_w = 128, .box_w = 8, .box_h = 14, .ofs_x = 0, .ofs_y = -1},
    {.bitmap_index = 979, .adv_w = 128, .box_w = 8, .box_h = 6, .ofs_x = 0, .ofs_y = 3},
    {.bitmap_index = 1003, .adv_w = 128, .box_w = 8, .box_h = 14, .ofs_x = 0, .ofs_y = -1},
    {.bitmap_index = 1059, .adv_w = 128, .box_w = 7, .box_h = 12, .ofs_x = 0, .ofs_y = 0},
    {.bitmap_index = 1101, .adv_w = 128, .box_w = 8, .box_h = 12, .ofs_x = 0, .ofs_y = 0},
    {.bitmap_index = 1149, .adv_w = 128, .box_w = 8, .box_h = 12, .ofs_x = 0, .ofs_y = 0},
    {.bitmap_index = 1197, .adv_w = 128, .box_w = 8, .box_h = 12, .ofs_x = 0, .ofs_y = 0},
    {.bitmap_index = 1245, .adv_w = 128, .box_w = 8, .box_h = 12, .ofs_x = 0, .ofs_y = 0},
    {.bitmap_index = 1293, .adv_w = 128, .box_w = 8, .box_h = 12, .ofs_x = 0, .ofs_y = 0},
    {.bitmap_index = 1341, .adv_w = 128, .box_w = 8, .box_h = 12, .ofs_x = 0, .ofs_y = 0},
    {.bitmap_index = 1389, .adv_w = 128, .box_w = 8, .box_h = 12, .ofs_x = 0, .ofs_y = 0},
    {.bitmap_index = 1437, .adv_w = 128, .box_w = 8, .box_h = 12, .ofs_x = 0, .ofs_y = 0},
    {.bitmap_index = 1485, .adv_w = 128, .box_w = 8, .box_h = 12, .ofs_x = 0, .ofs_y = 0},
    {.bitmap_index = 1533, .adv_w = 128, .box_w = 2, .box_h = 12, .ofs_x = 3, .ofs_y = 0},
    {.bitmap_index = 1545, .adv_w = 128, .box_w = 7, .box_h = 12, .ofs_x = 0, .ofs_y = 0},
    {.bitmap_index = 1587, .adv_w = 128, .box_w = 8, .box_h = 12, .ofs_x = 0, .ofs_y = 0},
    {.bitmap_index = 1635, .adv_w = 128, .box_w = 8, .box_h = 12, .ofs_x = 0, .ofs_y = 0},
    {.bitmap_index = 1683, .adv_w = 128, .box_w = 8, .box_h = 12, .ofs_x = 0, .ofs_y = 0},
    {.bitmap_index = 1731, .adv_w = 128, .box_w = 8, .box_h = 12, .ofs_x = 0, .ofs_y = 0},
    {.bitmap_index = 1779, .adv_w = 128, .box_w = 8, .box_h = 12, .ofs_x = 0, .ofs_y = 0},
    {.bitmap_index = 1827, .adv_w = 128, .box_w = 8, .box_h = 12, .ofs_x = 0, .ofs_y = 0},
    {.bitmap_index = 1875, .adv_w = 128, .box_w = 8, .box_h = 13, .ofs_x = 0, .ofs_y = -1},
    {.bitmap_index = 1927, .adv_w = 128, .box_w = 8, .box_h = 12, .ofs_x = 0, .ofs_y = 0},
    {.bitmap_index = 1975, .adv_w = 128, .box_w = 8, .box_h = 12, .ofs_x = 0, .ofs_y = 0},
    {.bitmap_index = 2023, .adv_w = 128, .box_w = 8, .box_h = 12, .ofs_x = 0, .ofs_y = 0},
    {.bitmap_index = 2071, .adv_w = 128, .box_w = 8, .box_h = 12, .ofs_x = 0, .ofs_y = 0},
    {.bitmap_index = 2119, .adv_w = 128, .box_w = 8, .box_h = 12, .ofs_x = 0, .ofs_y = 0},
    {.bitmap_index = 2167, .adv_w = 128, .box_w = 8, .box_h = 12, .ofs_x = 0, .ofs_y = 0},
    {.bitmap_index = 2215, .adv_w = 128, .box_w = 8, .box_h = 12, .ofs_x = 0, .ofs_y = 0},
    {.bitmap_index = 2263, .adv_w = 128, .box_w = 8, .box_h = 12, .ofs_x = 0, .ofs_y = 0},
    {.bitmap_index = 2311, .adv_w = 128, .box_w = 8, .box_h = 12, .ofs_x = 0, .ofs_y = 0},
    {.bitmap_index = 2359, .adv_w = 128, .box_w = 5, .box_h = 16, .ofs_x = 3, .ofs_y = -2},
    {.bitmap_index = 2399, .adv_w = 128, .box_w = 8, .box_h = 14, .ofs_x = 0, .ofs_y = -2},
    {.bitmap_index = 2455, .adv_w = 128, .box_w = 5, .box_h = 16, .ofs_x = 0, .ofs_y = -2},
    {.bitmap_index = 2495, .adv_w = 128, .box_w = 7, .box_h = 3, .ofs_x = 0, .ofs_y = 11},
    {.bitmap_index = 2506, .adv_w = 128, .box_w = 8, .box_h = 1, .ofs_x = 0, .ofs_y = -2},
    {.bitmap_index = 2510, .adv_w = 128, .box_w = 4, .box_h = 3, .ofs_x = 2, .ofs_y = 11},
    {.bitmap_index = 2516, .adv_w = 128, .box_w = 8, .box_h = 8, .ofs_x = 0, .ofs_y = 0},
    {.bitmap_index = 2548, .adv_w = 128, .box_w = 8, .box_h = 12, .ofs_x = 0, .ofs_y = 0},
    {.bitmap_index = 2596, .adv_w = 128, .box_w = 8, .box_h = 8, .ofs_x = 0, .ofs_y = 0},
    {.bitmap_index = 2628, .adv_w = 128, .box_w = 7, .box_h = 12, .ofs_x = 0, .ofs_y = 0},
    {.bitmap_index = 2670, .adv_w = 128, .box_w = 8, .box_h = 8, .ofs_x = 0, .ofs_y = 0},
    {.bitmap_index = 2702, .adv_w = 128, .box_w = 8, .box_h = 12, .ofs_x = 0, .ofs_y = 0},
    {.bitmap_index = 2750, .adv_w = 128, .box_w = 8, .box_h = 11, .ofs_x = 0, .ofs_y = -2},
    {.bitmap_index = 2794, .adv_w = 128, .box_w = 7, .box_h = 12, .ofs_x = 0, .ofs_y = 0},
    {.bitmap_index = 2836, .adv_w = 128, .box_w = 2, .box_h = 12, .ofs_x = 3, .ofs_y = 0},
    {.bitmap_index = 2848, .adv_w = 128, .box_w = 5, .box_h = 14, .ofs_x = 1, .ofs_y = -2},
    {.bitmap_index = 2883, .adv_w = 128, .box_w = 8, .box_h = 12, .ofs_x = 0, .ofs_y = 0},
    {.bitmap_index = 2931, .adv_w = 128, .box_w = 2, .box_h = 12, .ofs_x = 3, .ofs_y = 0},
    {.bitmap_index = 2943, .adv_w = 128, .box_w = 8, .box_h = 8, .ofs_x = 0, .ofs_y = 0},
    {.bitmap_index = 2975, .adv_w = 128, .box_w = 7, .box_h = 8, .ofs_x = 0, .ofs_y = 0},
    {.bitmap_index = 3003, .adv_w = 128, .box_w = 8, .box_h = 8, .ofs_x = 0, .ofs_y = 0},
    {.bitmap_index = 3035, .adv_w = 128, .box_w = 8, .box_h = 10, .ofs_x = 0, .ofs_y = -2},
    {.bitmap_index = 3075, .adv_w = 128, .box_w = 7, .box_h = 10, .ofs_x = 0, .ofs_y = -2},
    {.bitmap_index = 3110, .adv_w = 128, .box_w = 6, .box_h = 8, .ofs_x = 1, .ofs_y = 0},
    {.bitmap_index = 3134, .adv_w = 128, .box_w = 6, .box_h = 8, .ofs_x = 1, .ofs_y = 0},
    {.bitmap_index = 3158, .adv_w = 128, .box_w = 7, .box_h = 11, .ofs_x = 0, .ofs_y = 0},
    {.bitmap_index = 3197, .adv_w = 128, .box_w = 7, .box_h = 8, .ofs_x = 0, .ofs_y = 0},
    {.bitmap_index = 3225, .adv_w = 128, .box_w = 8, .box_h = 8, .ofs_x = 0, .ofs_y = 0},
    {.bitmap_index = 3257, .adv_w = 128, .box_w = 8, .box_h = 8, .ofs_x = 0, .ofs_y = 0},
    {.bitmap_index = 3289, .adv_w = 128, .box_w = 8, .box_h = 8, .ofs_x = 0, .ofs_y = 0},
    {.bitmap_index = 3321, .adv_w = 128, .box_w = 8, .box_h = 10, .ofs_x = 0, .ofs_y = -2},
    {.bitmap_index = 3361, .adv_w = 128, .box_w = 7, .box_h = 8, .ofs_x = 0, .ofs_y = 0},
    {.bitmap_index = 3389, .adv_w = 128, .box_w = 4, .box_h = 15, .ofs_x = 3, .ofs_y = -2},
    {.bitmap_index = 3419, .adv_w = 128, .box_w = 2, .box_h = 17, .ofs_x = 3, .ofs_y = -2},
    {.bitmap_index = 3436, .adv_w = 128, .box_w = 5, .box_h = 15, .ofs_x = 0, .ofs_y = -2},
    {.bitmap_index = 3474, .adv_w = 128, .box_w = 8, .box_h = 5, .ofs_x = 0, .ofs_y = 11},
    {.bitmap_index = 3494, .adv_w = 256, .box_w = 15, .box_h = 15, .ofs_x = 0, .ofs_y = -2},
    {.bitmap_index = 3607, .adv_w = 256, .box_w = 13, .box_h = 15, .ofs_x = 1, .ofs_y = -2},
    {.bitmap_index = 3705, .adv_w = 256, .box_w = 14, .box_h = 15, .ofs_x = 1, .ofs_y = -2},
    {.bitmap_index = 3810, .adv_w = 256, .box_w = 15, .box_h = 16, .ofs_x = 1, .ofs_y = -2},
    {.bitmap_index = 3930, .adv_w = 256, .box_w = 16, .box_h = 16, .ofs_x = 0, .ofs_y = -2},
    {.bitmap_index = 4058, .adv_w = 256, .box_w = 15, .box_h = 15, .ofs_x = 0, .ofs_y = -2},
    {.bitmap_index = 4171, .adv_w = 256, .box_w = 16, .box_h = 16, .ofs_x = 0, .ofs_y = -2},
    {.bitmap_index = 4299, .adv_w = 256, .box_w = 16, .box_h = 16, .ofs_x = 0, .ofs_y = -2},
    {.bitmap_index = 4427, .adv_w = 256, .box_w = 14, .box_h = 16, .ofs_x = 1, .ofs_y = -2},
    {.bitmap_index = 4539, .adv_w = 256, .box_w = 14, .box_h = 16, .ofs_x = 1, .ofs_y = -2},
    {.bitmap_index = 4651, .adv_w = 256, .box_w = 16, .box_h = 15, .ofs_x = 0, .ofs_y = -2},
    {.bitmap_index = 4771, .adv_w = 256, .box_w = 16, .box_h = 16, .ofs_x = 0, .ofs_y = -2},
    {.bitmap_index = 4899, .adv_w = 256, .box_w = 16, .box_h = 16, .ofs_x = 0, .ofs_y = -2},
    {.bitmap_index = 5027, .adv_w = 256, .box_w = 16, .box_h = 16, .ofs_x = 0, .ofs_y = -2},
    {.bitmap_index = 5155, .adv_w = 256, .box_w = 15, .box_h = 15, .ofs_x = 0, .ofs_y = -2},
    {.bitmap_index = 5268, .adv_w = 256, .box_w = 16, .box_h = 15, .ofs_x = 0, .ofs_y = -2},
    {.bitmap_index = 5388, .adv_w = 256, .box_w = 15, .box_h = 14, .ofs_x = 0, .ofs_y = -1},
    {.bitmap_index = 5493, .adv_w = 256, .box_w = 16, .box_h = 15, .ofs_x = 0, .ofs_y = -1},
    {.bitmap_index = 5613, .adv_w = 256, .box_w = 16, .box_h = 15, .ofs_x = 0, .ofs_y = -1},
    {.bitmap_index = 5733, .adv_w = 256, .box_w = 15, .box_h = 15, .ofs_x = 0, .ofs_y = -2},
    {.bitmap_index = 5846, .adv_w = 256, .box_w = 14, .box_h = 16, .ofs_x = 1, .ofs_y = -2},
    {.bitmap_index = 5958, .adv_w = 256, .box_w = 15, .box_h = 15, .ofs_x = 0, .ofs_y = -2},
    {.bitmap_index = 6071, .adv_w = 256, .box_w = 15, .box_h = 14, .ofs_x = 0, .ofs_y = -1},
    {.bitmap_index = 6176, .adv_w = 256, .box_w = 14, .box_h = 14, .ofs_x = 1, .ofs_y = -2},
    {.bitmap_index = 6274, .adv_w = 256, .box_w = 16, .box_h = 15, .ofs_x = 0, .ofs_y = -2},
    {.bitmap_index = 6394, .adv_w = 256, .box_w = 16, .box_h = 14, .ofs_x = 0, .ofs_y = -1},
    {.bitmap_index = 6506, .adv_w = 256, .box_w = 14, .box_h = 15, .ofs_x = 1, .ofs_y = -2},
    {.bitmap_index = 6611, .adv_w = 256, .box_w = 16, .box_h = 15, .ofs_x = 0, .ofs_y = -2},
    {.bitmap_index = 6731, .adv_w = 256, .box_w = 14, .box_h = 15, .ofs_x = 1, .ofs_y = -2},
    {.bitmap_index = 6836, .adv_w = 256, .box_w = 16, .box_h = 15, .ofs_x = 0, .ofs_y = -2},
    {.bitmap_index = 6956, .adv_w = 256, .box_w = 15, .box_h = 15, .ofs_x = 1, .ofs_y = -1},
    {.bitmap_index = 7069, .adv_w = 256, .box_w = 16, .box_h = 16, .ofs_x = 0, .ofs_y = -2},
    {.bitmap_index = 7197, .adv_w = 256, .box_w = 14, .box_h = 15, .ofs_x = 1, .ofs_y = -2},
    {.bitmap_index = 7302, .adv_w = 256, .box_w = 16, .box_h = 15, .ofs_x = 0, .ofs_y = -2},
    {.bitmap_index = 7422, .adv_w = 256, .box_w = 14, .box_h = 14, .ofs_x = 1, .ofs_y = -1},
    {.bitmap_index = 7520, .adv_w = 256, .box_w = 15, .box_h = 15, .ofs_x = 0, .ofs_y = -2},
    {.bitmap_index = 7633, .adv_w = 256, .box_w = 16, .box_h = 15, .ofs_x = 0, .ofs_y = -2},
    {.bitmap_index = 7753, .adv_w = 256, .box_w = 16, .box_h = 14, .ofs_x = 0, .ofs_y = -1},
    {.bitmap_index = 7865, .adv_w = 256, .box_w = 14, .box_h = 15, .ofs_x = 1, .ofs_y = -2},
    {.bitmap_index = 7970, .adv_w = 256, .box_w = 14, .box_h = 15, .ofs_x = 1, .ofs_y = -2},
    {.bitmap_index = 8075, .adv_w = 256, .box_w = 16, .box_h = 16, .ofs_x = 0, .ofs_y = -2},
    {.bitmap_index = 8203, .adv_w = 256, .box_w = 16, .box_h = 16, .ofs_x = 0, .ofs_y = -2},
    {.bitmap_index = 8331, .adv_w = 256, .box_w = 16, .box_h = 15, .ofs_x = 0, .ofs_y = -2},
    {.bitmap_index = 8451, .adv_w = 256, .box_w = 15, .box_h = 15, .ofs_x = 1, .ofs_y = -2},
    {.bitmap_index = 8564, .adv_w = 256, .box_w = 16, .box_h = 16, .ofs_x = 0, .ofs_y = -3},
    {.bitmap_index = 8692, .adv_w = 256, .box_w = 15, .box_h = 15, .ofs_x = 1, .ofs_y = -2},
    {.bitmap_index = 8805, .adv_w = 256, .box_w = 15, .box_h = 15, .ofs_x = 1, .ofs_y = -2},
    {.bitmap_index = 8918, .adv_w = 256, .box_w = 16, .box_h = 14, .ofs_x = 0, .ofs_y = -2},
    {.bitmap_index = 9030, .adv_w = 256, .box_w = 16, .box_h = 16, .ofs_x = 0, .ofs_y = -2},
    {.bitmap_index = 9158, .adv_w = 256, .box_w = 16, .box_h = 14, .ofs_x = 0, .ofs_y = -1},
    {.bitmap_index = 9270, .adv_w = 256, .box_w = 15, .box_h = 13, .ofs_x = 0, .ofs_y = -1},
    {.bitmap_index = 9368, .adv_w = 256, .box_w = 16, .box_h = 15, .ofs_x = 0, .ofs_y = -2},
    {.bitmap_index = 9488, .adv_w = 256, .box_w = 16, .box_h = 16, .ofs_x = 0, .ofs_y = -2},
    {.bitmap_index = 9616, .adv_w = 256, .box_w = 16, .box_h = 15, .ofs_x = 0, .ofs_y = -2},
    {.bitmap_index = 9736, .adv_w = 256, .box_w = 15, .box_h = 16, .ofs_x = 0, .ofs_y = -3},
    {.bitmap_index = 9856, .adv_w = 256, .box_w = 16, .box_h = 15, .ofs_x = 0, .ofs_y = -2},
    {.bitmap_index = 9976, .adv_w = 256, .box_w = 16, .box_h = 15, .ofs_x = 0, .ofs_y = -2},
    {.bitmap_index = 10096, .adv_w = 256, .box_w = 16, .box_h = 15, .ofs_x = 0, .ofs_y = -2},
    {.bitmap_index = 10216, .adv_w = 256, .box_w = 16, .box_h = 16, .ofs_x = 0, .ofs_y = -2},
    {.bitmap_index = 10344, .adv_w = 256, .box_w = 16, .box_h = 15, .ofs_x = 0, .ofs_y = -2},
    {.bitmap_index = 10464, .adv_w = 256, .box_w = 16, .box_h = 15, .ofs_x = 0, .ofs_y = -2},
    {.bitmap_index = 10584, .adv_w = 256, .box_w = 16, .box_h = 15, .ofs_x = 0, .ofs_y = -2},
    {.bitmap_index = 10704, .adv_w = 256, .box_w = 16, .box_h = 16, .ofs_x = 0, .ofs_y = -3},
    {.bitmap_index = 10832, .adv_w = 256, .box_w = 16, .box_h = 16, .ofs_x = 0, .ofs_y = -3},
    {.bitmap_index = 10960, .adv_w = 256, .box_w = 16, .box_h = 16, .ofs_x = 0, .ofs_y = -2},
    {.bitmap_index = 11088, .adv_w = 256, .box_w = 16, .box_h = 14, .ofs_x = 0, .ofs_y = -2},
    {.bitmap_index = 11200, .adv_w = 256, .box_w = 15, .box_h = 15, .ofs_x = 1, .ofs_y = -2},
    {.bitmap_index = 11313, .adv_w = 256, .box_w = 15, .box_h = 16, .ofs_x = 0, .ofs_y = -2},
    {.bitmap_index = 11433, .adv_w = 256, .box_w = 14, .box_h = 16, .ofs_x = 1, .ofs_y = -2},
    {.bitmap_index = 11545, .adv_w = 256, .box_w = 14, .box_h = 15, .ofs_x = 1, .ofs_y = -2},
    {.bitmap_index = 11650, .adv_w = 256, .box_w = 16, .box_h = 15, .ofs_x = 0, .ofs_y = -2},
    {.bitmap_index = 11770, .adv_w = 256, .box_w = 16, .box_h = 15, .ofs_x = 0, .ofs_y = -2},
    {.bitmap_index = 11890, .adv_w = 256, .box_w = 16, .box_h = 15, .ofs_x = 0, .ofs_y = -2},
    {.bitmap_index = 12010, .adv_w = 256, .box_w = 15, .box_h = 13, .ofs_x = 1, .ofs_y = -1},
    {.bitmap_index = 12108, .adv_w = 256, .box_w = 12, .box_h = 15, .ofs_x = 2, .ofs_y = -1},
    {.bitmap_index = 12198, .adv_w = 256, .box_w = 16, .box_h = 14, .ofs_x = 0, .ofs_y = -1},
    {.bitmap_index = 12310, .adv_w = 256, .box_w = 16, .box_h = 15, .ofs_x = 0, .ofs_y = -2},
    {.bitmap_index = 12430, .adv_w = 256, .box_w = 16, .box_h = 15, .ofs_x = 0, .ofs_y = -2},
    {.bitmap_index = 12550, .adv_w = 256, .box_w = 16, .box_h = 16, .ofs_x = 0, .ofs_y = -2},
    {.bitmap_index = 12678, .adv_w = 256, .box_w = 16, .box_h = 15, .ofs_x = 0, .ofs_y = -2},
    {.bitmap_index = 12798, .adv_w = 256, .box_w = 16, .box_h = 15, .ofs_x = 0, .ofs_y = -2},
    {.bitmap_index = 12918, .adv_w = 256, .box_w = 15, .box_h = 14, .ofs_x = 0, .ofs_y = -1},
    {.bitmap_index = 13023, .adv_w = 256, .box_w = 14, .box_h = 15, .ofs_x = 1, .ofs_y = -2},
    {.bitmap_index = 13128, .adv_w = 256, .box_w = 14, .box_h = 14, .ofs_x = 1, .ofs_y = -2},
    {.bitmap_index = 13226, .adv_w = 256, .box_w = 15, .box_h = 15, .ofs_x = 1, .ofs_y = -2},
    {.bitmap_index = 13339, .adv_w = 256, .box_w = 15, .box_h = 14, .ofs_x = 1, .ofs_y = -1},
    {.bitmap_index = 13444, .adv_w = 256, .box_w = 14, .box_h = 15, .ofs_x = 1, .ofs_y = -2},
    {.bitmap_index = 13549, .adv_w = 256, .box_w = 15, .box_h = 16, .ofs_x = 0, .ofs_y = -3},
    {.bitmap_index = 13669, .adv_w = 256, .box_w = 15, .box_h = 14, .ofs_x = 0, .ofs_y = -1},
    {.bitmap_index = 13774, .adv_w = 256, .box_w = 15, .box_h = 15, .ofs_x = 0, .ofs_y = -2},
    {.bitmap_index = 13887, .adv_w = 256, .box_w = 15, .box_h = 15, .ofs_x = 0, .ofs_y = -2},
    {.bitmap_index = 14000, .adv_w = 256, .box_w = 16, .box_h = 15, .ofs_x = 0, .ofs_y = -3},
    {.bitmap_index = 14120, .adv_w = 256, .box_w = 16, .box_h = 16, .ofs_x = 0, .ofs_y = -2},
    {.bitmap_index = 14248, .adv_w = 256, .box_w = 16, .box_h = 14, .ofs_x = 0, .ofs_y = -2},
    {.bitmap_index = 14360, .adv_w = 256, .box_w = 16, .box_h = 16, .ofs_x = 0, .ofs_y = -2},
    {.bitmap_index = 14488, .adv_w = 256, .box_w = 4, .box_h = 6, .ofs_x = 1, .ofs_y = -3}
};

/*---------------------
 *  CHARACTER MAPPING
 *--------------------*/

static const uint16_t unicode_list_1[] = {
    0x0, 0x8, 0x6c, 0x89, 0xd1, 0x10f, 0x134, 0x1ed,
    0x34e, 0x360, 0x38b, 0x392, 0x396, 0x428, 0x444, 0x483,
    0x4da, 0x522, 0x552, 0x5ac, 0x5cb, 0x5e9, 0x667, 0x8d5,
    0x903, 0xaf1, 0xaf5, 0xb02, 0xb14, 0xb58, 0xd7f, 0xdad,
    0xdea, 0xdf3, 0x1001, 0x104d, 0x1081, 0x10db, 0x1115, 0x112e,
    0x1189, 0x13ec, 0x1447, 0x1788, 0x178b, 0x17d1, 0x184f, 0x188f,
    0x18e4, 0x1905, 0x1d3e, 0x1e74, 0x1f2e, 0x1f49, 0x1fe0, 0x2004,
    0x205a, 0x2149, 0x2269, 0x2294, 0x22a3, 0x22c8, 0x23c0, 0x2454,
    0x249d, 0x258b, 0x2710, 0x2799, 0x285f, 0x29c0, 0x2bad, 0x2be6,
    0x3082, 0x3149, 0x33c5, 0x3d7c, 0x3d99, 0x3dd2, 0x4147, 0x41b7,
    0x41f5, 0x43a8, 0x47c8, 0x480f, 0x4810, 0x48c3, 0x48c5, 0x48d2,
    0x48d4, 0x48d9, 0x4919, 0x4aa9, 0x4aac, 0x4aae, 0x5174, 0xb0e7
};

/*Collect the unicode lists and glyph_id offsets*/
static const lv_font_fmt_txt_cmap_t cmaps[] =
{
    {
        .range_start = 32, .range_length = 95, .glyph_id_start = 1,
        .unicode_list = NULL, .glyph_id_ofs_list = NULL, .list_length = 0, .type = LV_FONT_FMT_TXT_CMAP_FORMAT0_TINY
    },
    {
        .range_start = 20005, .range_length = 45288, .glyph_id_start = 96,
        .unicode_list = unicode_list_1, .glyph_id_ofs_list = NULL, .list_length = 96, .type = LV_FONT_FMT_TXT_CMAP_SPARSE_TINY
    }
};



/*--------------------
 *  ALL CUSTOM DATA
 *--------------------*/

#if LVGL_VERSION_MAJOR == 8
/*Store all the custom data of the font*/
static  lv_font_fmt_txt_glyph_cache_t cache;
#endif

#if LVGL_VERSION_MAJOR >= 8
static const lv_font_fmt_txt_dsc_t font_dsc = {
#else
static lv_font_fmt_txt_dsc_t font_dsc = {
#endif
    .glyph_bitmap = glyph_bitmap,
    .glyph_dsc = glyph_dsc,
    .cmaps = cmaps,
    .kern_dsc = NULL,
    .kern_scale = 0,
    .cmap_num = 2,
    .bpp = 4,
    .kern_classes = 0,
    .bitmap_format = 0,
#if LVGL_VERSION_MAJOR == 8
    .cache = &cache
#endif
};



/*-----------------
 *  PUBLIC FONT
 *----------------*/

/*Initialize a public general font descriptor*/
#if LVGL_VERSION_MAJOR >= 8
const lv_font_t my_font_chinese_16 = {
#else
lv_font_t my_font_chinese_16 = {
#endif
    .get_glyph_dsc = lv_font_get_glyph_dsc_fmt_txt,    /*Function pointer to get glyph's data*/
    .get_glyph_bitmap = lv_font_get_bitmap_fmt_txt,    /*Function pointer to get glyph's bitmap*/
    .line_height = 19,          /*The maximum line height required by the font*/
    .base_line = 3,             /*Baseline measured from the bottom of the line*/
#if !(LVGL_VERSION_MAJOR == 6 && LVGL_VERSION_MINOR == 0)
    .subpx = LV_FONT_SUBPX_NONE,
#endif
#if LV_VERSION_CHECK(7, 4, 0) || LVGL_VERSION_MAJOR >= 8
    .underline_position = -1,
    .underline_thickness = 1,
#endif
    .dsc = &font_dsc,          /*The custom font data. Will be accessed by `get_glyph_bitmap/dsc` */
#if LV_VERSION_CHECK(8, 2, 0) || LVGL_VERSION_MAJOR >= 9
    .fallback = NULL,
#endif
    .user_data = NULL,
};



#endif /*#if MY_FONT_CHINESE_16*/

